{"ID":"466cc990-4470-11e7-bb47-75778a6d5264","COUNTRY":"CA","UNCODE":"YTF","LOCNAME":"Alma","SUBDIV":"QC","IATACODE":"YTF","IATANAME":"Alma, QC","TIMEXONE":"CA03","PORT":"N","AIRPORT":"Y","RAIL":"N","ROAD":"N","UNSTANDARD":"Y","LOCALNAME":"Alma","NONIATA":"N","VALIDFROM":"2001-01-01","VALIDTO":"2099-12-31"},{"ID":"466cc991-4470-11e7-bb47-75778a6d5264","COUNTRY":"CA","UNCODE":"YAE","LOCNAME":"Alta Lake","SUBDIV":"BC","IATACODE":"YAE","IATANAME":"Alta Lake, BC","TIMEXONE":"CA06","PORT":"N","AIRPORT":"Y","RAIL":"N","ROAD":"N","UNSTANDARD":"Y","LOCALNAME":"Alta Lake","NONIATA":"N","VALIDFROM":"2001-01-01","VALIDTO":"2099-12-31"},{"ID":"466cf0a0-4470-11e7-bb47-75778a6d5264","COUNTRY":"CA","UNCODE":"ALT","LOCNAME":"Alton","SUBDIV":"ON","IATACODE":"","IATANAME":"","TIMEXONE":"CA03","PORT":"N","AIRPORT":"N","RAIL":"N","ROAD":"Y","UNSTANDARD":"Y","LOCALNAME":"Alton","NONIATA":"Y","VALIDFROM":"2001-01-01","VALIDTO":"2099-12-31"},{"ID":"466cf0a1-4470-11e7-bb47-75778a6d5264","COUNTRY":"CA","UNCODE":"AXO","LOCNAME":"Altona","SUBDIV":"MB","IATACODE":"","IATANAME":"","TIMEXONE":"CA04","PORT":"N","AIRPORT":"N","RAIL":"N","ROAD":"Y","UNSTANDARD":"Y","LOCALNAME":"Altona","NONIATA":"Y","VALIDFROM":"2001-01-01","VALIDTO":"2099-12-31"},{"ID":"466cf0a2-4470-11e7-bb47-75778a6d5264","COUNTRY":"CA","UNCODE":"AMH","LOCNAME":"Amherstburg","SUBDIV":"ON","IATACODE":"","IATANAME":"","TIMEXONE":"CA03","PORT":"Y","AIRPORT":"N","RAIL":"N","ROAD":"N","UNSTANDARD":"Y","LOCALNAME":"Amherstburg","NONIATA":"Y","VALIDFROM":"2001-01-01","VALIDTO":"2099-12-31"},{"ID":"466cf0a3-4470-11e7-bb47-75778a6d5264","COUNTRY":"CA","UNCODE":"ANC","LOCNAME":"Ancaster","SUBDIV":"ON","IATACODE":"","IATANAME":"","TIMEXONE":"CA03","PORT":"N","AIRPORT":"N","RAIL":"N","ROAD":"Y","UNSTANDARD":"Y","LOCALNAME":"Ancaster","NONIATA":"Y","VALIDFROM":"2001-01-01","VALIDTO":"2099-12-31"},{"ID":"466cf0a4-4470-11e7-bb47-75778a6d5264","COUNTRY":"CA","UNCODE":"ANB","LOCNAME":"Andys Bay","SUBDIV":"BC","IATACODE":"","IATANAME":"","TIMEXONE":"CA06","PORT":"Y","AIRPORT":"N","RAIL":"N","ROAD":"N","UNSTANDARD":"Y","LOCALNAME":"Andys Bay","NONIATA":"Y","VALIDFROM":"2001-01-01","VALIDTO":"2099-12-31"},{"ID":"466cf0a5-4470-11e7-bb47-75778a6d5264","COUNTRY":"CA","UNCODE":"YAX","LOCNAME":"Angling Lake","SUBDIV":"ON","IATACODE":"YAX","IATANAME":"Angling Lake, ON","TIMEXONE":"CA04","PORT":"N","AIRPORT":"Y","RAIL":"N","ROAD":"N","UNSTANDARD":"Y","LOCALNAME":"Angling Lake","NONIATA":"N","VALIDFROM":"2001-01-01","VALIDTO":"2099-12-31"},{"ID":"466cf0a6-4470-11e7-bb47-75778a6d5264","COUNTRY":"CA","UNCODE":"AJU","LOCNAME":"Anjou","SUBDIV":"QC","IATACODE":"","IATANAME":"","TIMEXONE":"CA03","PORT":"N","AIRPORT":"N","RAIL":"Y","ROAD":"Y","UNSTANDARD":"Y","LOCALNAME":"Anjou","NONIATA":"Y","VALIDFROM":"2001-01-01","VALIDTO":"2099-12-31"},{"ID":"466cf0a7-4470-11e7-bb47-75778a6d5264","COUNTRY":"CA","UNCODE":"ANI","LOCNAME":"Annacis Island","SUBDIV":"BC","IATACODE":"","IATANAME":"","TIMEXONE":"CA06","PORT":"N","AIRPORT":"N","RAIL":"N","ROAD":"Y","UNSTANDARD":"Y","LOCALNAME":"Annacis Island","NONIATA":"Y","VALIDFROM":"2001-01-01","VALIDTO":"2099-12-31"},{"ID":"466cf0a8-4470-11e7-bb47-75778a6d5264","COUNTRY":"CA","UNCODE":"ANT","LOCNAME":"Antigonish","SUBDIV":"NS","IATACODE":"","IATANAME":"","TIMEXONE":"CA02","PORT":"N","AIRPORT":"N","RAIL":"N","ROAD":"Y","UNSTANDARD":"Y","LOCALNAME":"Antigonish","NONIATA":"Y","VALIDFROM":"2001-01-01","VALIDTO":"2099-12-31"},{"ID":"466cf0a9-4470-11e7-bb47-75778a6d5264","COUNTRY":"CA","UNCODE":"ARG","LOCNAME":"Arborg","SUBDIV":"MB","IATACODE":"","IATANAME":"","TIMEXONE":"CA04","PORT":"N","AIRPORT":"N","RAIL":"Y","ROAD":"Y","UNSTANDARD":"Y","LOCALNAME":"Arborg","NONIATA":"Y","VALIDFROM":"2001-01-01","VALIDTO":"2099-12-31"},{"ID":"466cf0aa-4470-11e7-bb47-75778a6d5264","COUNTRY":"CA","UNCODE":"ARB","LOCNAME":"Arctic Bay","SUBDIV":"NU","IATACODE":"YAB","IATANAME":"Arctic Bay, NU","TIMEXONE":"CA03","PORT":"Y","AIRPORT":"Y","RAIL":"N","ROAD":"Y","UNSTANDARD":"Y","LOCALNAME":"Arctic Bay","NONIATA":"N","VALIDFROM":"2001-01-01","VALIDTO":"2099-12-31"},{"ID":"466cf0ab-4470-11e7-bb47-75778a6d5264","COUNTRY":"CA","UNCODE":"NWP","LOCNAME":"Argentia","SUBDIV":"NL","IATACODE":"NWP","IATANAME":"Argentia, NL","TIMEXONE":"CA01","PORT":"Y","AIRPORT":"Y","RAIL":"N","ROAD":"Y","UNSTANDARD":"Y","LOCALNAME":"Argentia","NONIATA":"N","VALIDFROM":"2001-01-01","VALIDTO":"2099-12-31"},{"ID":"466cf0ac-4470-11e7-bb47-75778a6d5264","COUNTRY":"CA","UNCODE":"ARI","LOCNAME":"Arichat","SUBDIV":"NS","IATACODE":"","IATANAME":"","TIMEXONE":"CA02","PORT":"Y","AIRPORT":"N","RAIL":"N","ROAD":"Y","UNSTANDARD":"Y","LOCALNAME":"Arichat","NONIATA":"Y","VALIDFROM":"2001-01-01","VALIDTO":"2099-12-31"},{"ID":"466cf0ad-4470-11e7-bb47-75778a6d5264","COUNTRY":"CA","UNCODE":"ARX","LOCNAME":"Ariss","SUBDIV":"ON","IATACODE":"","IATANAME":"","TIMEXONE":"CA03","PORT":"N","AIRPORT":"N","RAIL":"N","ROAD":"Y","UNSTANDARD":"Y","LOCALNAME":"Ariss","NONIATA":"Y","VALIDFROM":"2001-01-01","VALIDTO":"2099-12-31"},{"ID":"466cf0ae-4470-11e7-bb47-75778a6d5264","COUNTRY":"CA","UNCODE":"ARM","LOCNAME":"Armstrong","SUBDIV":"BC","IATACODE":"YYW","IATANAME":"Armstrong, ON","TIMEXONE":"CA03","PORT":"N","AIRPORT":"N","RAIL":"Y","ROAD":"Y","UNSTANDARD":"Y","LOCALNAME":"Armstrong","NONIATA":"N","VALIDFROM":"2001-01-01","VALIDTO":"2099-12-31"},{"ID":"466cf0af-4470-11e7-bb47-75778a6d5264","COUNTRY":"CA","UNCODE":"YNR","LOCNAME":"Arnes","SUBDIV":"MB","IATACODE":"YNR","IATANAME":"Arnes, MB","TIMEXONE":"CA04","PORT":"N","AIRPORT":"Y","RAIL":"N","ROAD":"N","UNSTANDARD":"Y","LOCALNAME":"Arnes","NONIATA":"N","VALIDFROM":"2001-01-01","VALIDTO":"2099-12-31"},{"ID":"466cf0b0-4470-11e7-bb47-75778a6d5264","COUNTRY":"CA","UNCODE":"ARC","LOCNAME":"Arnold's Cove","SUBDIV":"NL","IATACODE":"","IATANAME":"","TIMEXONE":"CA01","PORT":"Y","AIRPORT":"N","RAIL":"N","ROAD":"Y","UNSTANDARD":"Y","LOCALNAME":"Arnold's Cove","NONIATA":"Y","VALIDFROM":"2001-01-01","VALIDTO":"2099-12-31"},{"ID":"466cf0b1-4470-11e7-bb47-75778a6d5264","COUNTRY":"CA","UNCODE":"ANP","LOCNAME":"Arnprior","SUBDIV":"ON","IATACODE":"","IATANAME":"","TIMEXONE":"CA03","PORT":"N","AIRPORT":"N","RAIL":"N","ROAD":"Y","UNSTANDARD":"Y","LOCALNAME":"Arnprior","NONIATA":"Y","VALIDFROM":"2001-01-01","VALIDTO":"2099-12-31"},{"ID":"466cf0b2-4470-11e7-bb47-75778a6d5264","COUNTRY":"CA","UNCODE":"ART","LOCNAME":"Arthabaska","SUBDIV":"QC","IATACODE":"","IATANAME":"","TIMEXONE":"CA03","PORT":"N","AIRPORT":"N","RAIL":"N","ROAD":"Y","UNSTANDARD":"Y","LOCALNAME":"Arthabaska","NONIATA":"Y","VALIDFROM":"2001-01-01","VALIDTO":"2099-12-31"},{"ID":"466cf0b3-4470-11e7-bb47-75778a6d5264","COUNTRY":"CA","UNCODE":"ATH","LOCNAME":"Arthur","SUBDIV":"ON","IATACODE":"","IATANAME":"","TIMEXONE":"CA03","PORT":"N","AIRPORT":"N","RAIL":"Y","ROAD":"Y","UNSTANDARD":"Y","LOCALNAME":"Arthur","NONIATA":"Y","VALIDFROM":"2001-01-01","VALIDTO":"2099-12-31"},{"ID":"466cf0b4-4470-11e7-bb47-75778a6d5264","COUNTRY":"CA","UNCODE":"YEK","LOCNAME":"Arviat","SUBDIV":"NU","IATACODE":"YEK","IATANAME":"Arviat, NU","TIMEXONE":"CA04","PORT":"Y","AIRPORT":"Y","RAIL":"N","ROAD":"N","UNSTANDARD":"Y","LOCALNAME":"Arviat","NONIATA":"N","VALIDFROM":"2001-01-01","VALIDTO":"2099-12-31"},{"ID":"466cf0b5-4470-11e7-bb47-75778a6d5264","COUNTRY":"CA","UNCODE":"ASB","LOCNAME":"Asbestos","SUBDIV":"QC","IATACODE":"","IATANAME":"","TIMEXONE":"CA03","PORT":"N","AIRPORT":"N","RAIL":"N","ROAD":"Y","UNSTANDARD":"Y","LOCALNAME":"Asbestos","NONIATA":"Y","VALIDFROM":"2001-01-01","VALIDTO":"2099-12-31"},{"ID":"466cf0b6-4470-11e7-bb47-75778a6d5264","COUNTRY":"CA","UNCODE":"YAF","LOCNAME":"Asbestos Hill","SUBDIV":"QC","IATACODE":"YAF","IATANAME":"Asbestos Hill, QC","TIMEXONE":"CA03","PORT":"N","AIRPORT":"Y","RAIL":"N","ROAD":"N","UNSTANDARD":"Y","LOCALNAME":"Asbestos Hill","NONIATA":"N","VALIDFROM":"2001-01-01","VALIDTO":"2099-12-31"},{"ID":"466cf0b7-4470-11e7-bb47-75778a6d5264","COUNTRY":"CA","UNCODE":"YZA","LOCNAME":"Ashcroft","SUBDIV":"BC","IATACODE":"YZA","IATANAME":"Ashcroft, BC","TIMEXONE":"CA06","PORT":"N","AIRPORT":"Y","RAIL":"N","ROAD":"N","UNSTANDARD":"Y","LOCALNAME":"Ashcroft","NONIATA":"N","VALIDFROM":"2001-01-01","VALIDTO":"2099-12-31"},{"ID":"466cf0b8-4470-11e7-bb47-75778a6d5264","COUNTRY":"CA","UNCODE":"YIB","LOCNAME":"Atikokan","SUBDIV":"ON","IATACODE":"YIB","IATANAME":"Atikokan, ON","TIMEXONE":"CA3A","PORT":"N","AIRPORT":"Y","RAIL":"N","ROAD":"N","UNSTANDARD":"Y","LOCALNAME":"Atikokan","NONIATA":"N","VALIDFROM":"2001-01-01","VALIDTO":"2099-12-31"},{"ID":"466cf0b9-4470-11e7-bb47-75778a6d5264","COUNTRY":"CA","UNCODE":"ATL","LOCNAME":"Atlin","SUBDIV":"BC","IATACODE":"","IATANAME":"","TIMEXONE":"CA06","PORT":"N","AIRPORT":"N","RAIL":"N","ROAD":"Y","UNSTANDARD":"Y","LOCALNAME":"Atlin","NONIATA":"Y","VALIDFROM":"2001-01-01","VALIDTO":"2099-12-31"},{"ID":"466cf0ba-4470-11e7-bb47-75778a6d5264","COUNTRY":"CA","UNCODE":"YAT","LOCNAME":"Attawapiskat","SUBDIV":"ON","IATACODE":"YAT","IATANAME":"Attawapiskat, ON","TIMEXONE":"CA03","PORT":"N","AIRPORT":"Y","RAIL":"N","ROAD":"N","UNSTANDARD":"Y","LOCALNAME":"Attawapiskat","NONIATA":"N","VALIDFROM":"2001-01-01","VALIDTO":"2099-12-31"},{"ID":"466cf0bb-4470-11e7-bb47-75778a6d5264","COUNTRY":"CA","UNCODE":"ACO","LOCNAME":"Aulds Cove","SUBDIV":"NS","IATACODE":"","IATANAME":"","TIMEXONE":"CA02","PORT":"N","AIRPORT":"N","RAIL":"N","ROAD":"Y","UNSTANDARD":"Y","LOCALNAME":"Aulds Cove","NONIATA":"Y","VALIDFROM":"2001-01-01","VALIDTO":"2099-12-31"},{"ID":"466cf0bc-4470-11e7-bb47-75778a6d5264","COUNTRY":"CA","UNCODE":"AUR","LOCNAME":"Aurora","SUBDIV":"ON","IATACODE":"","IATANAME":"","TIMEXONE":"CA03","PORT":"N","AIRPORT":"N","RAIL":"N","ROAD":"Y","UNSTANDARD":"Y","LOCALNAME":"Aurora","NONIATA":"Y","VALIDFROM":"2001-01-01","VALIDTO":"2099-12-31"},{"ID":"466cf0bd-4470-11e7-bb47-75778a6d5264","COUNTRY":"CA","UNCODE":"AVO","LOCNAME":"Avondale","SUBDIV":"NL","IATACODE":"","IATANAME":"","TIMEXONE":"CA01","PORT":"Y","AIRPORT":"N","RAIL":"N","ROAD":"Y","UNSTANDARD":"Y","LOCALNAME":"Avondale","NONIATA":"Y","VALIDFROM":"2001-01-01","VALIDTO":"2099-12-31"},{"ID":"466cf0be-4470-11e7-bb47-75778a6d5264","COUNTRY":"CA","UNCODE":"AYD","LOCNAME":"Aylesford","SUBDIV":"NS","IATACODE":"","IATANAME":"","TIMEXONE":"CA02","PORT":"N","AIRPORT":"N","RAIL":"N","ROAD":"Y","UNSTANDARD":"Y","LOCALNAME":"Aylesford","NONIATA":"Y","VALIDFROM":"2001-01-01","VALIDTO":"2099-12-31"},{"ID":"466cf0bf-4470-11e7-bb47-75778a6d5264","COUNTRY":"CA","UNCODE":"AYL","LOCNAME":"Aylmer","SUBDIV":"ON","IATACODE":"","IATANAME":"","TIMEXONE":"CA03","PORT":"N","AIRPORT":"N","RAIL":"N","ROAD":"Y","UNSTANDARD":"Y","LOCALNAME":"Aylmer","NONIATA":"Y","VALIDFROM":"2001-01-01","VALIDTO":"2099-12-31"},{"ID":"466cf0c0-4470-11e7-bb47-75778a6d5264","COUNTRY":"CA","UNCODE":"AYM","LOCNAME":"Aylmer","SUBDIV":"QC","IATACODE":"","IATANAME":"","TIMEXONE":"CA03","PORT":"N","AIRPORT":"N","RAIL":"N","ROAD":"Y","UNSTANDARD":"Y","LOCALNAME":"Aylmer","NONIATA":"Y","VALIDFROM":"2001-01-01","VALIDTO":"2099-12-31"},{"ID":"466cf0c1-4470-11e7-bb47-75778a6d5264","COUNTRY":"CA","UNCODE":"AYR","LOCNAME":"Ayr","SUBDIV":"ON","IATACODE":"","IATANAME":"","TIMEXONE":"CA03","PORT":"N","AIRPORT":"N","RAIL":"N","ROAD":"Y","UNSTANDARD":"Y","LOCALNAME":"Ayr","NONIATA":"Y","VALIDFROM":"2001-01-01","VALIDTO":"2099-12-31"},{"ID":"466cf0c2-4470-11e7-bb47-75778a6d5264","COUNTRY":"CA","UNCODE":"BAA","LOCNAME":"Bala","SUBDIV":"ON","IATACODE":"","IATANAME":"","TIMEXONE":"CA03","PORT":"Y","AIRPORT":"N","RAIL":"Y","ROAD":"Y","UNSTANDARD":"Y","LOCALNAME":"Bala","NONIATA":"Y","VALIDFROM":"2001-01-01","VALIDTO":"2099-12-31"},{"ID":"466cf0c3-4470-11e7-bb47-75778a6d5264","COUNTRY":"CA","UNCODE":"BAD","LOCNAME":"Baddeck","SUBDIV":"NS","IATACODE":"","IATANAME":"","TIMEXONE":"CA02","PORT":"Y","AIRPORT":"N","RAIL":"N","ROAD":"N","UNSTANDARD":"Y","LOCALNAME":"Baddeck","NONIATA":"Y","VALIDFROM":"2001-01-01","VALIDTO":"2099-12-31"},{"ID":"466cf0c4-4470-11e7-bb47-75778a6d5264","COUNTRY":"CA","UNCODE":"BGT","LOCNAME":"Bagotville","SUBDIV":"QC","IATACODE":"YBG","IATANAME":"Bagotville, QC","TIMEXONE":"CA03","PORT":"Y","AIRPORT":"N","RAIL":"N","ROAD":"N","UNSTANDARD":"Y","LOCALNAME":"Bagotville","NONIATA":"N","VALIDFROM":"2001-01-01","VALIDTO":"2099-12-31"},{"ID":"466cf0c5-4470-11e7-bb47-75778a6d5264","COUNTRY":"CA","UNCODE":"YBG","LOCNAME":"Bagotville Apt","SUBDIV":"QC","IATACODE":"YBG","IATANAME":"Bagotville, QC","TIMEXONE":"CA03","PORT":"N","AIRPORT":"Y","RAIL":"N","ROAD":"N","UNSTANDARD":"Y","LOCALNAME":"Bagotville Apt","NONIATA":"N","VALIDFROM":"2001-01-01","VALIDTO":"2099-12-31"},{"ID":"466cf0c6-4470-11e7-bb47-75778a6d5264","COUNTRY":"CA","UNCODE":"BCO","LOCNAME":"Baie Comeau","SUBDIV":"QC","IATACODE":"YBC","IATANAME":"Baie Comeau, QC","TIMEXONE":"CA03","PORT":"Y","AIRPORT":"Y","RAIL":"N","ROAD":"N","UNSTANDARD":"Y","LOCALNAME":"Baie Comeau","NONIATA":"N","VALIDFROM":"2001-01-01","VALIDTO":"2099-12-31"},{"ID":"466cf0c7-4470-11e7-bb47-75778a6d5264","COUNTRY":"CA","UNCODE":"BDU","LOCNAME":"Baie d'Urfe","SUBDIV":"QC","IATACODE":"","IATANAME":"","TIMEXONE":"CA03","PORT":"N","AIRPORT":"N","RAIL":"N","ROAD":"Y","UNSTANDARD":"Y","LOCALNAME":"Baie d'Urfé","NONIATA":"Y","VALIDFROM":"2001-01-01","VALIDTO":"2099-12-31"},{"ID":"466cf0c8-4470-11e7-bb47-75778a6d5264","COUNTRY":"CA","UNCODE":"BVE","LOCNAME":"Baie Verte","SUBDIV":"NL","IATACODE":"","IATANAME":"","TIMEXONE":"CA01","PORT":"Y","AIRPORT":"N","RAIL":"N","ROAD":"Y","UNSTANDARD":"Y","LOCALNAME":"Baie Verte","NONIATA":"Y","VALIDFROM":"2001-01-01","VALIDTO":"2099-12-31"},{"ID":"466cf0c9-4470-11e7-bb47-75778a6d5264","COUNTRY":"CA","UNCODE":"BJO","LOCNAME":"Baie-Johan-Beetz","SUBDIV":"QC","IATACODE":"YBJ","IATANAME":"Baie Johan Beetz, QC","TIMEXONE":"CA03","PORT":"Y","AIRPORT":"Y","RAIL":"N","ROAD":"Y","UNSTANDARD":"Y","LOCALNAME":"Baie-Johan-Beetz","NONIATA":"N","VALIDFROM":"2001-01-01","VALIDTO":"2099-12-31"},{"ID":"466cf0ca-4470-11e7-bb47-75778a6d5264","COUNTRY":"CA","UNCODE":"BSA","LOCNAME":"Baie-Sainte-Anne","SUBDIV":"NB","IATACODE":"","IATANAME":"","TIMEXONE":"CA02","PORT":"N","AIRPORT":"N","RAIL":"N","ROAD":"Y","UNSTANDARD":"Y","LOCALNAME":"Baie-Sainte-Anne","NONIATA":"Y","VALIDFROM":"2001-01-01","VALIDTO":"2099-12-31"},{"ID":"466cf0cb-4470-11e7-bb47-75778a6d5264","COUNTRY":"CA","UNCODE":"BAL","LOCNAME":"Balmertown","SUBDIV":"ON","IATACODE":"","IATANAME":"","TIMEXONE":"CA03","PORT":"N","AIRPORT":"N","RAIL":"N","ROAD":"Y","UNSTANDARD":"Y","LOCALNAME":"Balmertown","NONIATA":"Y","VALIDFROM":"2001-01-01","VALIDTO":"2099-12-31"},{"ID":"466cf0cc-4470-11e7-bb47-75778a6d5264","COUNTRY":"CA","UNCODE":"BAM","LOCNAME":"Bamberton","SUBDIV":"BC","IATACODE":"","IATANAME":"","TIMEXONE":"CA06","PORT":"Y","AIRPORT":"N","RAIL":"N","ROAD":"N","UNSTANDARD":"Y","LOCALNAME":"Bamberton","NONIATA":"Y","VALIDFROM":"2001-01-01","VALIDTO":"2099-12-31"},{"ID":"466cf0cd-4470-11e7-bb47-75778a6d5264","COUNTRY":"CA","UNCODE":"BAF","LOCNAME":"Banff","SUBDIV":"AB","IATACODE":"YBA","IATANAME":"Banff, AB","TIMEXONE":"CA05","PORT":"N","AIRPORT":"N","RAIL":"N","ROAD":"Y","UNSTANDARD":"Y","LOCALNAME":"Banff","NONIATA":"N","VALIDFROM":"2001-01-01","VALIDTO":"2099-12-31"},{"ID":"466cf0ce-4470-11e7-bb47-75778a6d5264","COUNTRY":"CA","UNCODE":"BAR","LOCNAME":"Barrie","SUBDIV":"ON","IATACODE":"","IATANAME":"","TIMEXONE":"CA03","PORT":"N","AIRPORT":"N","RAIL":"N","ROAD":"Y","UNSTANDARD":"Y","LOCALNAME":"Barrie","NONIATA":"Y","VALIDFROM":"2001-01-01","VALIDTO":"2099-12-31"},{"ID":"466cf0cf-4470-11e7-bb47-75778a6d5264","COUNTRY":"CA","UNCODE":"BRR","LOCNAME":"Barriere","SUBDIV":"BC","IATACODE":"","IATANAME":"","TIMEXONE":"CA06","PORT":"N","AIRPORT":"N","RAIL":"N","ROAD":"Y","UNSTANDARD":"Y","LOCALNAME":"Barrière","NONIATA":"Y","VALIDFROM":"2001-01-01","VALIDTO":"2099-12-31"},{"ID":"466cf0d0-4470-11e7-bb47-75778a6d5264","COUNTRY":"CA","UNCODE":"BAN","LOCNAME":"Barrington","SUBDIV":"NS","IATACODE":"","IATANAME":"","TIMEXONE":"CA02","PORT":"Y","AIRPORT":"N","RAIL":"N","ROAD":"Y","UNSTANDARD":"Y","LOCALNAME":"Barrington","NONIATA":"Y","VALIDFROM":"2001-01-01","VALIDTO":"2099-12-31"},{"ID":"466cf0d1-4470-11e7-bb47-75778a6d5264","COUNTRY":"CA","UNCODE":"BRS","LOCNAME":"Barrs Corner","SUBDIV":"NS","IATACODE":"","IATANAME":"","TIMEXONE":"CA02","PORT":"N","AIRPORT":"N","RAIL":"N","ROAD":"N","UNSTANDARD":"Y","LOCALNAME":"Barrs Corner","NONIATA":"Y","VALIDFROM":"2001-01-01","VALIDTO":"2099-12-31"},{"ID":"466cf0d2-4470-11e7-bb47-75778a6d5264","COUNTRY":"CA","UNCODE":"BAW","LOCNAME":"Batawa","SUBDIV":"ON","IATACODE":"","IATANAME":"","TIMEXONE":"CA03","PORT":"N","AIRPORT":"N","RAIL":"N","ROAD":"Y","UNSTANDARD":"Y","LOCALNAME":"Batawa","NONIATA":"Y","VALIDFROM":"2001-01-01","VALIDTO":"2099-12-31"},{"ID":"466cf0d3-4470-11e7-bb47-75778a6d5264","COUNTRY":"CA","UNCODE":"BTH","LOCNAME":"Bath","SUBDIV":"ON","IATACODE":"","IATANAME":"","TIMEXONE":"CA03","PORT":"Y","AIRPORT":"N","RAIL":"N","ROAD":"N","UNSTANDARD":"Y","LOCALNAME":"Bath","NONIATA":"Y","VALIDFROM":"2001-01-01","VALIDTO":"2099-12-31"},{"ID":"466cf0d4-4470-11e7-bb47-75778a6d5264","COUNTRY":"CA","UNCODE":"BAT","LOCNAME":"Bathurst","SUBDIV":"NB","IATACODE":"ZBF","IATANAME":"Bathurst, NB","TIMEXONE":"CA02","PORT":"Y","AIRPORT":"Y","RAIL":"N","ROAD":"N","UNSTANDARD":"Y","LOCALNAME":"Bathurst","NONIATA":"N","VALIDFROM":"2001-01-01","VALIDTO":"2099-12-31"},{"ID":"466cf0d5-4470-11e7-bb47-75778a6d5264","COUNTRY":"CA","UNCODE":"BSN","LOCNAME":"Batiscan","SUBDIV":"QC","IATACODE":"","IATANAME":"","TIMEXONE":"CA03","PORT":"N","AIRPORT":"N","RAIL":"N","ROAD":"Y","UNSTANDARD":"Y","LOCALNAME":"Batiscan","NONIATA":"Y","VALIDFROM":"2001-01-01","VALIDTO":"2099-12-31"},{"ID":"466cf0d6-4470-11e7-bb47-75778a6d5264","COUNTRY":"CA","UNCODE":"BBU","LOCNAME":"Bay Bulls","SUBDIV":"NL","IATACODE":"","IATANAME":"","TIMEXONE":"CA01","PORT":"Y","AIRPORT":"N","RAIL":"N","ROAD":"Y","UNSTANDARD":"Y","LOCALNAME":"Bay Bulls","NONIATA":"Y","VALIDFROM":"2001-01-01","VALIDTO":"2099-12-31"},{"ID":"466cf0d7-4470-11e7-bb47-75778a6d5264","COUNTRY":"CA","UNCODE":"BDV","LOCNAME":"Bay de Verde","SUBDIV":"NL","IATACODE":"","IATANAME":"","TIMEXONE":"CA01","PORT":"N","AIRPORT":"N","RAIL":"N","ROAD":"Y","UNSTANDARD":"Y","LOCALNAME":"Bay de Verde","NONIATA":"Y","VALIDFROM":"2001-01-01","VALIDTO":"2099-12-31"},{"ID":"466cf0d8-4470-11e7-bb47-75778a6d5264","COUNTRY":"CA","UNCODE":"BYR","LOCNAME":"Bay Roberts","SUBDIV":"NL","IATACODE":"","IATANAME":"","TIMEXONE":"CA01","PORT":"Y","AIRPORT":"N","RAIL":"N","ROAD":"Y","UNSTANDARD":"Y","LOCALNAME":"Bay Roberts","NONIATA":"Y","VALIDFROM":"2001-01-01","VALIDTO":"2099-12-31"},{"ID":"466cf0d9-4470-11e7-bb47-75778a6d5264","COUNTRY":"CA","UNCODE":"BAS","LOCNAME":"Bayside","SUBDIV":"ON","IATACODE":"","IATANAME":"","TIMEXONE":"CA03","PORT":"N","AIRPORT":"N","RAIL":"N","ROAD":"N","UNSTANDARD":"Y","LOCALNAME":"Bayside","NONIATA":"Y","VALIDFROM":"2001-01-01","VALIDTO":"2099-12-31"},{"ID":"466cf0da-4470-11e7-bb47-75778a6d5264","COUNTRY":"CA","UNCODE":"BAY","LOCNAME":"Bayside (St Roberts)","SUBDIV":"NB","IATACODE":"","IATANAME":"","TIMEXONE":"CA02","PORT":"Y","AIRPORT":"N","RAIL":"N","ROAD":"N","UNSTANDARD":"Y","LOCALNAME":"Bayside (St Roberts)","NONIATA":"Y","VALIDFROM":"2001-01-01","VALIDTO":"2099-12-31"},{"ID":"466cf0db-4470-11e7-bb47-75778a6d5264","COUNTRY":"CA","UNCODE":"BPO","LOCNAME":"Beach Point","SUBDIV":"PE","IATACODE":"","IATANAME":"","TIMEXONE":"CA02","PORT":"Y","AIRPORT":"N","RAIL":"N","ROAD":"Y","UNSTANDARD":"Y","LOCALNAME":"Beach Point","NONIATA":"Y","VALIDFROM":"2001-01-01","VALIDTO":"2099-12-31"},{"ID":"466cf0dc-4470-11e7-bb47-75778a6d5264","COUNTRY":"CA","UNCODE":"BCF","LOCNAME":"Beaconsfield","SUBDIV":"QC","IATACODE":"","IATANAME":"","TIMEXONE":"CA03","PORT":"N","AIRPORT":"N","RAIL":"N","ROAD":"Y","UNSTANDARD":"Y","LOCALNAME":"Beaconsfield","NONIATA":"Y","VALIDFROM":"2001-01-01","VALIDTO":"2099-12-31"},{"ID":"466cf0dd-4470-11e7-bb47-75778a6d5264","COUNTRY":"CA","UNCODE":"BCV","LOCNAME":"Beale Cove","SUBDIV":"BC","IATACODE":"","IATANAME":"","TIMEXONE":"CA06","PORT":"Y","AIRPORT":"N","RAIL":"N","ROAD":"N","UNSTANDARD":"Y","LOCALNAME":"Beale Cove","NONIATA":"Y","VALIDFROM":"2001-01-01","VALIDTO":"2099-12-31"},{"ID":"466cf0de-4470-11e7-bb47-75778a6d5264","COUNTRY":"CA","UNCODE":"BMV","LOCNAME":"Beamsville","SUBDIV":"ON","IATACODE":"","IATANAME":"","TIMEXONE":"CA03","PORT":"N","AIRPORT":"N","RAIL":"N","ROAD":"Y","UNSTANDARD":"Y","LOCALNAME":"Beamsville","NONIATA":"Y","VALIDFROM":"2001-01-01","VALIDTO":"2099-12-31"},{"ID":"466cf0df-4470-11e7-bb47-75778a6d5264","COUNTRY":"CA","UNCODE":"BEI","LOCNAME":"Bear Island","SUBDIV":"NB","IATACODE":"","IATANAME":"","TIMEXONE":"CA02","PORT":"N","AIRPORT":"N","RAIL":"N","ROAD":"Y","UNSTANDARD":"Y","LOCALNAME":"Bear Island","NONIATA":"Y","VALIDFROM":"2001-01-01","VALIDTO":"2099-12-31"},{"ID":"466cf0e0-4470-11e7-bb47-75778a6d5264","COUNTRY":"CA","UNCODE":"BEU","LOCNAME":"Beauceville","SUBDIV":"QC","IATACODE":"","IATANAME":"","TIMEXONE":"CA03","PORT":"N","AIRPORT":"N","RAIL":"N","ROAD":"Y","UNSTANDARD":"Y","LOCALNAME":"Beauceville","NONIATA":"Y","VALIDFROM":"2001-01-01","VALIDTO":"2099-12-31"},{"ID":"466cf0e1-4470-11e7-bb47-75778a6d5264","COUNTRY":"CA","UNCODE":"BHA","LOCNAME":"Beauharnois","SUBDIV":"QC","IATACODE":"","IATANAME":"","TIMEXONE":"CA03","PORT":"N","AIRPORT":"N","RAIL":"N","ROAD":"Y","UNSTANDARD":"Y","LOCALNAME":"Beauharnois","NONIATA":"Y","VALIDFROM":"2001-01-01","VALIDTO":"2099-12-31"},{"ID":"466cf0e2-4470-11e7-bb47-75778a6d5264","COUNTRY":"CA","UNCODE":"BET","LOCNAME":"Beaumont","SUBDIV":"AB","IATACODE":"","IATANAME":"","TIMEXONE":"CA05","PORT":"N","AIRPORT":"N","RAIL":"N","ROAD":"Y","UNSTANDARD":"Y","LOCALNAME":"Beaumont","NONIATA":"Y","VALIDFROM":"2001-01-01","VALIDTO":"2099-12-31"},{"ID":"466cf0e3-4470-11e7-bb47-75778a6d5264","COUNTRY":"CA","UNCODE":"BEA","LOCNAME":"Beaver Cove","SUBDIV":"BC","IATACODE":"","IATANAME":"","TIMEXONE":"CA06","PORT":"Y","AIRPORT":"N","RAIL":"Y","ROAD":"Y","UNSTANDARD":"Y","LOCALNAME":"Beaver Cove","NONIATA":"Y","VALIDFROM":"2001-01-01","VALIDTO":"2099-12-31"},{"ID":"466cf0e4-4470-11e7-bb47-75778a6d5264","COUNTRY":"CA","UNCODE":"BEH","LOCNAME":"Beaver Harbour","SUBDIV":"NB","IATACODE":"","IATANAME":"","TIMEXONE":"CA02","PORT":"Y","AIRPORT":"N","RAIL":"N","ROAD":"N","UNSTANDARD":"Y","LOCALNAME":"Beaver Harbour","NONIATA":"Y","VALIDFROM":"2001-01-01","VALIDTO":"2099-12-31"},{"ID":"466cf0e5-4470-11e7-bb47-75778a6d5264","COUNTRY":"CA","UNCODE":"BLO","LOCNAME":"Beaverlodge","SUBDIV":"AB","IATACODE":"","IATANAME":"","TIMEXONE":"CA05","PORT":"N","AIRPORT":"N","RAIL":"N","ROAD":"Y","UNSTANDARD":"Y","LOCALNAME":"Beaverlodge","NONIATA":"Y","VALIDFROM":"2001-01-01","VALIDTO":"2099-12-31"},{"ID":"466cf0e6-4470-11e7-bb47-75778a6d5264","COUNTRY":"CA","UNCODE":"BEQ","LOCNAME":"Bedeque","SUBDIV":"PE","IATACODE":"","IATANAME":"","TIMEXONE":"CA02","PORT":"N","AIRPORT":"N","RAIL":"N","ROAD":"Y","UNSTANDARD":"Y","LOCALNAME":"Bedeque","NONIATA":"Y","VALIDFROM":"2001-01-01","VALIDTO":"2099-12-31"},{"ID":"466cf0e7-4470-11e7-bb47-75778a6d5264","COUNTRY":"CA","UNCODE":"BED","LOCNAME":"Bedford","SUBDIV":"QC","IATACODE":"","IATANAME":"","TIMEXONE":"CA03","PORT":"N","AIRPORT":"N","RAIL":"N","ROAD":"Y","UNSTANDARD":"Y","LOCALNAME":"Bedford","NONIATA":"Y","VALIDFROM":"2001-01-01","VALIDTO":"2099-12-31"},{"ID":"466cf0e8-4470-11e7-bb47-75778a6d5264","COUNTRY":"CA","UNCODE":"BEN","LOCNAME":"Beeton","SUBDIV":"ON","IATACODE":"","IATANAME":"","TIMEXONE":"CA03","PORT":"N","AIRPORT":"N","RAIL":"N","ROAD":"Y","UNSTANDARD":"Y","LOCALNAME":"Beeton","NONIATA":"Y","VALIDFROM":"2001-01-01","VALIDTO":"2099-12-31"},{"ID":"466cf0e9-4470-11e7-bb47-75778a6d5264","COUNTRY":"CA","UNCODE":"BLC","LOCNAME":"Bella Coola","SUBDIV":"BC","IATACODE":"QBC","IATANAME":"Bella Coola, BC","TIMEXONE":"CA06","PORT":"Y","AIRPORT":"N","RAIL":"N","ROAD":"N","UNSTANDARD":"Y","LOCALNAME":"Bella Coola","NONIATA":"N","VALIDFROM":"2001-01-01","VALIDTO":"2099-12-31"},{"ID":"466cf0ea-4470-11e7-bb47-75778a6d5264","COUNTRY":"CA","UNCODE":"BPL","LOCNAME":"Belle Plaine","SUBDIV":"SK","IATACODE":"","IATANAME":"","TIMEXONE":"CA4A","PORT":"N","AIRPORT":"N","RAIL":"N","ROAD":"Y","UNSTANDARD":"Y","LOCALNAME":"Belle Plaine","NONIATA":"Y","VALIDFROM":"2001-01-01","VALIDTO":"2099-12-31"},{"ID":"466cf0eb-4470-11e7-bb47-75778a6d5264","COUNTRY":"CA","UNCODE":"BEL","LOCNAME":"Belledune","SUBDIV":"NB","IATACODE":"","IATANAME":"","TIMEXONE":"CA02","PORT":"Y","AIRPORT":"N","RAIL":"N","ROAD":"N","UNSTANDARD":"Y","LOCALNAME":"Belledune","NONIATA":"Y","VALIDFROM":"2001-01-01","VALIDTO":"2099-12-31"},{"ID":"466cf0ec-4470-11e7-bb47-75778a6d5264","COUNTRY":"CA","UNCODE":"BLV","LOCNAME":"Belleville","SUBDIV":"ON","IATACODE":"XVV","IATANAME":"Belleville, ON","TIMEXONE":"CA03","PORT":"Y","AIRPORT":"N","RAIL":"Y","ROAD":"Y","UNSTANDARD":"Y","LOCALNAME":"Belleville","NONIATA":"N","VALIDFROM":"2001-01-01","VALIDTO":"2099-12-31"},{"ID":"466cf0ed-4470-11e7-bb47-75778a6d5264","COUNTRY":"CA","UNCODE":"BLM","LOCNAME":"Belmont","SUBDIV":"ON","IATACODE":"","IATANAME":"","TIMEXONE":"CA03","PORT":"N","AIRPORT":"N","RAIL":"N","ROAD":"Y","UNSTANDARD":"Y","LOCALNAME":"Belmont","NONIATA":"Y","VALIDFROM":"2001-01-01","VALIDTO":"2099-12-31"},{"ID":"466cf0ee-4470-11e7-bb47-75778a6d5264","COUNTRY":"CA","UNCODE":"BLL","LOCNAME":"Beloeil","SUBDIV":"QC","IATACODE":"","IATANAME":"","TIMEXONE":"CA03","PORT":"Y","AIRPORT":"N","RAIL":"Y","ROAD":"Y","UNSTANDARD":"Y","LOCALNAME":"Beloeil","NONIATA":"Y","VALIDFROM":"2001-01-01","VALIDTO":"2099-12-31"},{"ID":"466cf0ef-4470-11e7-bb47-75778a6d5264","COUNTRY":"CA","UNCODE":"BSM","LOCNAME":"Berthier-sur-Mer","SUBDIV":"QC","IATACODE":"","IATANAME":"","TIMEXONE":"CA03","PORT":"N","AIRPORT":"N","RAIL":"N","ROAD":"Y","UNSTANDARD":"Y","LOCALNAME":"Berthier-sur-Mer","NONIATA":"Y","VALIDFROM":"2001-01-01","VALIDTO":"2099-12-31"},{"ID":"466cf0f0-4470-11e7-bb47-75778a6d5264","COUNTRY":"CA","UNCODE":"BER","LOCNAME":"Berthierville","SUBDIV":"QC","IATACODE":"","IATANAME":"","TIMEXONE":"CA03","PORT":"N","AIRPORT":"N","RAIL":"N","ROAD":"Y","UNSTANDARD":"Y","LOCALNAME":"Berthierville","NONIATA":"Y","VALIDFROM":"2001-01-01","VALIDTO":"2099-12-31"},{"ID":"466cf0f1-4470-11e7-bb47-75778a6d5264","COUNTRY":"CA","UNCODE":"BWK","LOCNAME":"Berwick","SUBDIV":"NS","IATACODE":"","IATANAME":"","TIMEXONE":"CA02","PORT":"N","AIRPORT":"N","RAIL":"Y","ROAD":"Y","UNSTANDARD":"Y","LOCALNAME":"Berwick","NONIATA":"Y","VALIDFROM":"2001-01-01","VALIDTO":"2099-12-31"},{"ID":"466cf0f2-4470-11e7-bb47-75778a6d5264","COUNTRY":"CA","UNCODE":"BIR","LOCNAME":"Biggar","SUBDIV":"SK","IATACODE":"","IATANAME":"","TIMEXONE":"CA4A","PORT":"N","AIRPORT":"N","RAIL":"N","ROAD":"Y","UNSTANDARD":"Y","LOCALNAME":"Biggar","NONIATA":"Y","VALIDFROM":"2001-01-01","VALIDTO":"2099-12-31"},{"ID":"466cf0f3-4470-11e7-bb47-75778a6d5264","COUNTRY":"CA","UNCODE":"BHI","LOCNAME":"Birds Hill","SUBDIV":"MB","IATACODE":"","IATANAME":"","TIMEXONE":"CA04","PORT":"N","AIRPORT":"N","RAIL":"N","ROAD":"Y","UNSTANDARD":"Y","LOCALNAME":"Birds Hill","NONIATA":"Y","VALIDFROM":"2001-01-01","VALIDTO":"2099-12-31"},{"ID":"466cf0f4-4470-11e7-bb47-75778a6d5264","COUNTRY":"CA","UNCODE":"BPF","LOCNAME":"Bishop's Falls","SUBDIV":"NL","IATACODE":"","IATANAME":"","TIMEXONE":"CA01","PORT":"N","AIRPORT":"N","RAIL":"N","ROAD":"Y","UNSTANDARD":"Y","LOCALNAME":"Bishop's Falls","NONIATA":"Y","VALIDFROM":"2001-01-01","VALIDTO":"2099-12-31"},{"ID":"466cf0f5-4470-11e7-bb47-75778a6d5264","COUNTRY":"CA","UNCODE":"BKL","LOCNAME":"Black Lake","SUBDIV":"QC","IATACODE":"","IATANAME":"","TIMEXONE":"CA03","PORT":"N","AIRPORT":"N","RAIL":"N","ROAD":"Y","UNSTANDARD":"Y","LOCALNAME":"Black Lake","NONIATA":"Y","VALIDFROM":"2001-01-01","VALIDTO":"2099-12-31"},{"ID":"466cf0f6-4470-11e7-bb47-75778a6d5264","COUNTRY":"CA","UNCODE":"YBI","LOCNAME":"Black Tickle","SUBDIV":"NL","IATACODE":"YBI","IATANAME":"Black Tickle, NL","TIMEXONE":"CA02","PORT":"N","AIRPORT":"Y","RAIL":"N","ROAD":"Y","UNSTANDARD":"Y","LOCALNAME":"Black Tickle","NONIATA":"N","VALIDFROM":"2001-01-01","VALIDTO":"2099-12-31"},{"ID":"466cf0f7-4470-11e7-bb47-75778a6d5264","COUNTRY":"CA","UNCODE":"BKF","LOCNAME":"Blackfalds","SUBDIV":"AB","IATACODE":"","IATANAME":"","TIMEXONE":"CA05","PORT":"N","AIRPORT":"N","RAIL":"N","ROAD":"Y","UNSTANDARD":"Y","LOCALNAME":"Blackfalds","NONIATA":"Y","VALIDFROM":"2001-01-01","VALIDTO":"2099-12-31"},{"ID":"466cf0f8-4470-11e7-bb47-75778a6d5264","COUNTRY":"CA","UNCODE":"BLH","LOCNAME":"Blacks Harbour","SUBDIV":"NB","IATACODE":"","IATANAME":"","TIMEXONE":"CA02","PORT":"Y","AIRPORT":"N","RAIL":"N","ROAD":"Y","UNSTANDARD":"Y","LOCALNAME":"Blacks Harbour","NONIATA":"Y","VALIDFROM":"2001-01-01","VALIDTO":"2099-12-31"},{"ID":"466cf0f9-4470-11e7-bb47-75778a6d5264","COUNTRY":"CA","UNCODE":"BKV","LOCNAME":"Blackville","SUBDIV":"NB","IATACODE":"","IATANAME":"","TIMEXONE":"CA02","PORT":"N","AIRPORT":"N","RAIL":"N","ROAD":"Y","UNSTANDARD":"Y","LOCALNAME":"Blackville","NONIATA":"Y","VALIDFROM":"2001-01-01","VALIDTO":"2099-12-31"},{"ID":"466cf0fa-4470-11e7-bb47-75778a6d5264","COUNTRY":"CA","UNCODE":"BLA","LOCNAME":"Blainville","SUBDIV":"QC","IATACODE":"","IATANAME":"","TIMEXONE":"CA03","PORT":"N","AIRPORT":"N","RAIL":"Y","ROAD":"Y","UNSTANDARD":"Y","LOCALNAME":"Blainville","NONIATA":"Y","VALIDFROM":"2001-01-01","VALIDTO":"2099-12-31"},{"ID":"466cf0fb-4470-11e7-bb47-75778a6d5264","COUNTRY":"CA","UNCODE":"YBX","LOCNAME":"Blanc-Sablon","SUBDIV":"QC","IATACODE":"YBX","IATANAME":"Blanc Sablon, QC","TIMEXONE":"CA2A","PORT":"N","AIRPORT":"Y","RAIL":"N","ROAD":"N","UNSTANDARD":"Y","LOCALNAME":"Blanc-Sablon","NONIATA":"N","VALIDFROM":"2001-01-01","VALIDTO":"2099-12-31"},{"ID":"466cf0fc-4470-11e7-bb47-75778a6d5264","COUNTRY":"CA","UNCODE":"BHM","LOCNAME":"Blenheim","SUBDIV":"ON","IATACODE":"","IATANAME":"","TIMEXONE":"CA03","PORT":"N","AIRPORT":"N","RAIL":"N","ROAD":"Y","UNSTANDARD":"Y","LOCALNAME":"Blenheim","NONIATA":"Y","VALIDFROM":"2001-01-01","VALIDTO":"2099-12-31"},{"ID":"466cf0fd-4470-11e7-bb47-75778a6d5264","COUNTRY":"CA","UNCODE":"BBY","LOCNAME":"Blind Bay","SUBDIV":"BC","IATACODE":"","IATANAME":"","TIMEXONE":"CA06","PORT":"Y","AIRPORT":"N","RAIL":"N","ROAD":"N","UNSTANDARD":"Y","LOCALNAME":"Blind Bay","NONIATA":"Y","VALIDFROM":"2001-01-01","VALIDTO":"2099-12-31"},{"ID":"466cf0fe-4470-11e7-bb47-75778a6d5264","COUNTRY":"CA","UNCODE":"BLR","LOCNAME":"Blind River","SUBDIV":"ON","IATACODE":"","IATANAME":"","TIMEXONE":"CA03","PORT":"Y","AIRPORT":"N","RAIL":"N","ROAD":"N","UNSTANDARD":"Y","LOCALNAME":"Blind River","NONIATA":"Y","VALIDFROM":"2001-01-01","VALIDTO":"2099-12-31"},{"ID":"466cf0ff-4470-11e7-bb47-75778a6d5264","COUNTRY":"CA","UNCODE":"YDV","LOCNAME":"Bloodvein","SUBDIV":"MB","IATACODE":"YDV","IATANAME":"Bloodvein, MB","TIMEXONE":"CA04","PORT":"N","AIRPORT":"Y","RAIL":"N","ROAD":"N","UNSTANDARD":"Y","LOCALNAME":"Bloodvein","NONIATA":"N","VALIDFROM":"2001-01-01","VALIDTO":"2099-12-31"},{"ID":"466cf100-4470-11e7-bb47-75778a6d5264","COUNTRY":"CA","UNCODE":"BBB","LOCNAME":"Blubber Bay","SUBDIV":"BC","IATACODE":"XBB","IATANAME":"Blubber Bay, BC","TIMEXONE":"CA06","PORT":"Y","AIRPORT":"N","RAIL":"N","ROAD":"N","UNSTANDARD":"Y","LOCALNAME":"Blubber Bay","NONIATA":"N","VALIDFROM":"2001-01-01","VALIDTO":"2099-12-31"},{"ID":"466cf101-4470-11e7-bb47-75778a6d5264","COUNTRY":"CA","UNCODE":"BMT","LOCNAME":"Blue Mountain","SUBDIV":"ON","IATACODE":"","IATANAME":"","TIMEXONE":"CA03","PORT":"N","AIRPORT":"N","RAIL":"N","ROAD":"Y","UNSTANDARD":"Y","LOCALNAME":"Blue Mountain","NONIATA":"Y","VALIDFROM":"2001-01-01","VALIDTO":"2099-12-31"},{"ID":"466cf102-4470-11e7-bb47-75778a6d5264","COUNTRY":"CA","UNCODE":"YBO","LOCNAME":"Bobquinn Lake","SUBDIV":"BC","IATACODE":"YBO","IATANAME":"Bobquinn Lake, BC","TIMEXONE":"CA06","PORT":"N","AIRPORT":"Y","RAIL":"N","ROAD":"N","UNSTANDARD":"Y","LOCALNAME":"Bobquinn Lake","NONIATA":"N","VALIDFROM":"2001-01-01","VALIDTO":"2099-12-31"},{"ID":"466cf103-4470-11e7-bb47-75778a6d5264","COUNTRY":"CA","UNCODE":"BOI","LOCNAME":"Boiestown","SUBDIV":"NB","IATACODE":"","IATANAME":"","TIMEXONE":"CA02","PORT":"N","AIRPORT":"N","RAIL":"Y","ROAD":"Y","UNSTANDARD":"Y","LOCALNAME":"Boiestown","NONIATA":"Y","VALIDFROM":"2001-01-01","VALIDTO":"2099-12-31"},{"ID":"466cf104-4470-11e7-bb47-75778a6d5264","COUNTRY":"CA","UNCODE":"BFI","LOCNAME":"Bois-des-Filion","SUBDIV":"QC","IATACODE":"","IATANAME":"","TIMEXONE":"CA03","PORT":"N","AIRPORT":"N","RAIL":"N","ROAD":"Y","UNSTANDARD":"Y","LOCALNAME":"Bois-des-Filion","NONIATA":"Y","VALIDFROM":"2001-01-01","VALIDTO":"2099-12-31"},{"ID":"466cf105-4470-11e7-bb47-75778a6d5264","COUNTRY":"CA","UNCODE":"BBD","LOCNAME":"Boisbriand","SUBDIV":"QC","IATACODE":"","IATANAME":"","TIMEXONE":"CA03","PORT":"N","AIRPORT":"N","RAIL":"N","ROAD":"Y","UNSTANDARD":"Y","LOCALNAME":"Boisbriand","NONIATA":"Y","VALIDFROM":"2001-01-01","VALIDTO":"2099-12-31"},{"ID":"466cf106-4470-11e7-bb47-75778a6d5264","COUNTRY":"CA","UNCODE":"BSS","LOCNAME":"Boissevain","SUBDIV":"MB","IATACODE":"","IATANAME":"","TIMEXONE":"CA04","PORT":"N","AIRPORT":"N","RAIL":"Y","ROAD":"Y","UNSTANDARD":"Y","LOCALNAME":"Boissevain","NONIATA":"Y","VALIDFROM":"2001-01-01","VALIDTO":"2099-12-31"},{"ID":"466cf107-4470-11e7-bb47-75778a6d5264","COUNTRY":"CA","UNCODE":"BLT","LOCNAME":"Bolton","SUBDIV":"ON","IATACODE":"","IATANAME":"","TIMEXONE":"CA03","PORT":"N","AIRPORT":"N","RAIL":"N","ROAD":"Y","UNSTANDARD":"Y","LOCALNAME":"Bolton","NONIATA":"Y","VALIDFROM":"2001-01-01","VALIDTO":"2099-12-31"},{"ID":"466cf108-4470-11e7-bb47-75778a6d5264","COUNTRY":"CA","UNCODE":"BCL","LOCNAME":"Bon Conseil","SUBDIV":"QC","IATACODE":"","IATANAME":"","TIMEXONE":"CA03","PORT":"N","AIRPORT":"N","RAIL":"Y","ROAD":"N","UNSTANDARD":"Y","LOCALNAME":"Bon Conseil","NONIATA":"Y","VALIDFROM":"2001-01-01","VALIDTO":"2099-12-31"},{"ID":"466cf109-4470-11e7-bb47-75778a6d5264","COUNTRY":"CA","UNCODE":"BOE","LOCNAME":"Bonnyville","SUBDIV":"AB","IATACODE":"YBY","IATANAME":"Bonnyville, AB","TIMEXONE":"CA05","PORT":"N","AIRPORT":"N","RAIL":"Y","ROAD":"Y","UNSTANDARD":"Y","LOCALNAME":"Bonnyville","NONIATA":"N","VALIDFROM":"2001-01-01","VALIDTO":"2099-12-31"},{"ID":"466cf10a-4470-11e7-bb47-75778a6d5264","COUNTRY":"CA","UNCODE":"BOR","LOCNAME":"Borden","SUBDIV":"PE","IATACODE":"","IATANAME":"","TIMEXONE":"CA02","PORT":"Y","AIRPORT":"N","RAIL":"Y","ROAD":"Y","UNSTANDARD":"Y","LOCALNAME":"Borden","NONIATA":"Y","VALIDFROM":"2001-01-01","VALIDTO":"2099-12-31"},{"ID":"466cf10b-4470-11e7-bb47-75778a6d5264","COUNTRY":"CA","UNCODE":"YBN","LOCNAME":"Borden","SUBDIV":"ON","IATACODE":"YBN","IATANAME":"Borden, ON","TIMEXONE":"CA03","PORT":"N","AIRPORT":"Y","RAIL":"N","ROAD":"N","UNSTANDARD":"Y","LOCALNAME":"Borden","NONIATA":"N","VALIDFROM":"2001-01-01","VALIDTO":"2099-12-31"},{"ID":"466cf10c-4470-11e7-bb47-75778a6d5264","COUNTRY":"CA","UNCODE":"BOU","LOCNAME":"Boucherville","SUBDIV":"QC","IATACODE":"","IATANAME":"","TIMEXONE":"CA03","PORT":"N","AIRPORT":"N","RAIL":"N","ROAD":"Y","UNSTANDARD":"Y","LOCALNAME":"Boucherville","NONIATA":"Y","VALIDFROM":"2001-01-01","VALIDTO":"2099-12-31"},{"ID":"466cf10d-4470-11e7-bb47-75778a6d5264","COUNTRY":"CA","UNCODE":"BUE","LOCNAME":"Bouctouche","SUBDIV":"NB","IATACODE":"","IATANAME":"","TIMEXONE":"CA02","PORT":"Y","AIRPORT":"N","RAIL":"N","ROAD":"Y","UNSTANDARD":"Y","LOCALNAME":"Bouctouche","NONIATA":"Y","VALIDFROM":"2001-01-01","VALIDTO":"2099-12-31"},{"ID":"466cf10e-4470-11e7-bb47-75778a6d5264","COUNTRY":"CA","UNCODE":"BWI","LOCNAME":"Bow Island","SUBDIV":"AB","IATACODE":"","IATANAME":"","TIMEXONE":"CA05","PORT":"N","AIRPORT":"N","RAIL":"N","ROAD":"Y","UNSTANDARD":"Y","LOCALNAME":"Bow Island","NONIATA":"Y","VALIDFROM":"2001-01-01","VALIDTO":"2099-12-31"},{"ID":"466cf10f-4470-11e7-bb47-75778a6d5264","COUNTRY":"CA","UNCODE":"BOW","LOCNAME":"Bowden","SUBDIV":"AB","IATACODE":"","IATANAME":"","TIMEXONE":"CA05","PORT":"N","AIRPORT":"N","RAIL":"N","ROAD":"Y","UNSTANDARD":"Y","LOCALNAME":"Bowden","NONIATA":"Y","VALIDFROM":"2001-01-01","VALIDTO":"2099-12-31"},{"ID":"466cf110-4470-11e7-bb47-75778a6d5264","COUNTRY":"CA","UNCODE":"BWV","LOCNAME":"Bowmanville","SUBDIV":"ON","IATACODE":"","IATANAME":"","TIMEXONE":"CA03","PORT":"Y","AIRPORT":"N","RAIL":"N","ROAD":"N","UNSTANDARD":"Y","LOCALNAME":"Bowmanville","NONIATA":"Y","VALIDFROM":"2001-01-01","VALIDTO":"2099-12-31"},{"ID":"466cf111-4470-11e7-bb47-75778a6d5264","COUNTRY":"CA","UNCODE":"BRB","LOCNAME":"Bracebridge","SUBDIV":"ON","IATACODE":"","IATANAME":"","TIMEXONE":"CA03","PORT":"N","AIRPORT":"N","RAIL":"Y","ROAD":"Y","UNSTANDARD":"Y","LOCALNAME":"Bracebridge","NONIATA":"Y","VALIDFROM":"2001-01-01","VALIDTO":"2099-12-31"},{"ID":"466cf112-4470-11e7-bb47-75778a6d5264","COUNTRY":"CA","UNCODE":"BRA","LOCNAME":"Bradford","SUBDIV":"ON","IATACODE":"","IATANAME":"","TIMEXONE":"CA03","PORT":"N","AIRPORT":"N","RAIL":"N","ROAD":"Y","UNSTANDARD":"Y","LOCALNAME":"Bradford","NONIATA":"Y","VALIDFROM":"2001-01-01","VALIDTO":"2099-12-31"},{"ID":"466d17b0-4470-11e7-bb47-75778a6d5264","COUNTRY":"CA","UNCODE":"BRM","LOCNAME":"Bramalea","SUBDIV":"ON","IATACODE":"","IATANAME":"","TIMEXONE":"CA03","PORT":"N","AIRPORT":"N","RAIL":"Y","ROAD":"Y","UNSTANDARD":"Y","LOCALNAME":"Bramalea","NONIATA":"Y","VALIDFROM":"2001-01-01","VALIDTO":"2099-12-31"},{"ID":"466d17b1-4470-11e7-bb47-75778a6d5264","COUNTRY":"CA","UNCODE":"BRP","LOCNAME":"Brampton","SUBDIV":"ON","IATACODE":"XPN","IATANAME":"Brampton, ON","TIMEXONE":"CA03","PORT":"N","AIRPORT":"N","RAIL":"Y","ROAD":"Y","UNSTANDARD":"Y","LOCALNAME":"Brampton","NONIATA":"N","VALIDFROM":"2001-01-01","VALIDTO":"2099-12-31"},