{"id":"75862570-4469-11e7-b200-e58adcce17fb","receiveTime":"05/29/2017 05:52 pm","client":"RSRAM","fileName":"PALCL.xls","logFile":"C:\\Projects\\EDIXML Files\\dailyarchive\\PALCL_201705290552.xls","records":[{"ID":"181558","Origin":"Brampton, ON","Destination":"Brampton, ON","BOL":"ANTONIO","PO":"400281939","TraceCd":"","Freight":"ENROUTE","Finance":"Un Rated","Status":"LCL","Customer":"Panalpina Inc.- Air Export","Shipper":"GSK","Consignee":"GTA WORLD CARGO","Note":"REEFER TEMP 2-25C\r\nCUTOFF: MAY 17 @16:00HRS","ContainerNumber":"","OriginZone":"AIR","DestinationZone":"EXPORT","Date":"5/16/17","Time":"14:20:00","UNCODE":"CAMIS","Client":"RSRAM","IsNew":true},{"ID":"181558","Origin":"Brampton, ON","Destination":"Brampton, ON","BOL":"ANTONIO","PO":"400281939","TraceCd":"","Freight":"ENROUTE","Finance":"Un Rated","Status":"LCL","Customer":"Panalpina Inc.- Air Export","Shipper":"GSK","Consignee":"GTA WORLD CARGO","Note":"REEFER TEMP 2-25C\r\nCUTOFF: MAY 17 @16:00HRS","ContainerNumber":"","OriginZone":"AIR","DestinationZone":"EXPORT","Date":"5/16/17","Time":"14:20:00","UNCODE":"CAMIS","Client":"RSRAM","IsNew":true},{"ID":"181558","Origin":"Brampton, ON","Destination":"Brampton, ON","BOL":"ANTONIO","PO":"400281939","TraceCd":"","Freight":"ENROUTE","Finance":"Un Rated","Status":"LCL","Customer":"Panalpina Inc.- Air Export","Shipper":"GSK","Consignee":"GTA WORLD CARGO","Note":"REEFER TEMP 2-25C\r\nCUTOFF: MAY 17 @16:00HRS","ContainerNumber":"","OriginZone":"AIR","DestinationZone":"EXPORT","Date":"5/16/17","Time":"14:20:00","UNCODE":"CAMIS","Client":"RSRAM","IsNew":true},{"ID":"181558","Origin":"Brampton, ON","Destination":"Brampton, ON","BOL":"ANTONIO","PO":"400281939","TraceCd":"","Freight":"ENROUTE","Finance":"Un Rated","Status":"LCL","Customer":"Panalpina Inc.- Air Export","Shipper":"GSK","Consignee":"GTA WORLD CARGO","Note":"REEFER TEMP 2-25C\r\nCUTOFF: MAY 17 @16:00HRS","ContainerNumber":"","OriginZone":"AIR","DestinationZone":"EXPORT","Date":"5/16/17","Time":"14:20:00","UNCODE":"CAMIS","Client":"RSRAM","IsNew":true},{"ID":"181558","Origin":"Brampton, ON","Destination":"Brampton, ON","BOL":"ANTONIO","PO":"400281939","TraceCd":"","Freight":"ENROUTE","Finance":"Un Rated","Status":"LCL","Customer":"Panalpina Inc.- Air Export","Shipper":"GSK","Consignee":"GTA WORLD CARGO","Note":"REEFER TEMP 2-25C\r\nCUTOFF: MAY 17 @16:00HRS","ContainerNumber":"","OriginZone":"AIR","DestinationZone":"EXPORT","Date":"5/16/17","Time":"14:20:00","UNCODE":"CAMIS","Client":"RSRAM","IsNew":true},{"ID":"181558","Origin":"Brampton, ON","Destination":"Brampton, ON","BOL":"ANTONIO","PO":"400281939","TraceCd":"","Freight":"ENROUTE","Finance":"Un Rated","Status":"LCL","Customer":"Panalpina Inc.- Air Export","Shipper":"GSK","Consignee":"GTA WORLD CARGO","Note":"REEFER TEMP 2-25C\r\nCUTOFF: MAY 17 @16:00HRS","ContainerNumber":"","OriginZone":"AIR","DestinationZone":"EXPORT","Date":"5/16/17","Time":"14:20:00","UNCODE":"CAMIS","Client":"RSRAM","IsNew":true}]},