{"id":"34efbc20-46de-11e7-b9bd-fd47e078be82","receiveTime":"2017-06-01 08:53:04 pm","created":"1496330584","client":"RSRAM","fileName":"PALCL.xls","logFile":"C:\\Projects\\EDIXML Files\\dailyarchive\\PALCL_201706010853.xls","records":[{"ID":"181558","Origin":"Brampton, ON","Destination":"Brampton, ON","BOL":"ANTONIO","PO":"400281939","TraceCd":"","Freight":"ENROUTE","Finance":"Un Rated","Status":"LCL","Customer":"Panalpina Inc.- Air Export","Shipper":"GSK","Consignee":"GTA WORLD CARGO","Note":"REEFER TEMP 2-25C\r\nCUTOFF: MAY 17 @16:00HRS","ContainerNumber":"","OriginZone":"AIR","DestinationZone":"EXPORT","Date":"5/16/17","Time":"14:20:00","UNCODE":"CAMIS","Client":"RSRAM","IsNew":true},{"ID":"181558","Origin":"Brampton, ON","Destination":"Brampton, ON","BOL":"ANTONIO","PO":"400281939","TraceCd":"","Freight":"ENROUTE","Finance":"Un Rated","Status":"LCL","Customer":"Panalpina Inc.- Air Export","Shipper":"GSK","Consignee":"GTA WORLD CARGO","Note":"REEFER TEMP 2-25C\r\nCUTOFF: MAY 17 @16:00HRS","ContainerNumber":"","OriginZone":"AIR","DestinationZone":"EXPORT","Date":"5/16/17","Time":"14:20:00","UNCODE":"CAMIS","Client":"RSRAM","IsNew":true},{"ID":"181558","Origin":"Brampton, ON","Destination":"Brampton, ON","BOL":"ANTONIO","PO":"400281939","TraceCd":"","Freight":"ENROUTE","Finance":"Un Rated","Status":"LCL","Customer":"Panalpina Inc.- Air Export","Shipper":"GSK","Consignee":"GTA WORLD CARGO","Note":"REEFER TEMP 2-25C\r\nCUTOFF: MAY 17 @16:00HRS","ContainerNumber":"","OriginZone":"AIR","DestinationZone":"EXPORT","Date":"5/16/17","Time":"14:20:00","UNCODE":"CAMIS","Client":"RSRAM","IsNew":true},{"ID":"181558","Origin":"Brampton, ON","Destination":"Brampton, ON","BOL":"ANTONIO","PO":"400281939","TraceCd":"","Freight":"ENROUTE","Finance":"Un Rated","Status":"LCL","Customer":"Panalpina Inc.- Air Export","Shipper":"GSK","Consignee":"GTA WORLD CARGO","Note":"REEFER TEMP 2-25C\r\nCUTOFF: MAY 17 @16:00HRS","ContainerNumber":"","OriginZone":"AIR","DestinationZone":"EXPORT","Date":"5/16/17","Time":"14:20:00","UNCODE":"CAMIS","Client":"RSRAM","IsNew":true},{"ID":"181558","Origin":"Brampton, ON","Destination":"Brampton, ON","BOL":"ANTONIO","PO":"400281939","TraceCd":"","Freight":"DELIVERED","Finance":"Un Rated","Status":"LCL","Customer":"Panalpina Inc.- Air Export","Shipper":"GSK","Consignee":"GTA WORLD CARGO","Note":"REEFER TEMP 2-25C\r\nCUTOFF: MAY 17 @16:00HRS","ContainerNumber":"","OriginZone":"AIR","DestinationZone":"EXPORT","Date":"5/16/17","Time":"14:20:00","UNCODE":"CAMIS","Client":"RSRAM","IsNew":true},{"ID":"181558","Origin":"Brampton, ON","Destination":"Brampton, ON","BOL":"ANTONIO","PO":"400281939","TraceCd":"","Freight":"DELIVERED","Finance":"Un Rated","Status":"LCL","Customer":"Panalpina Inc.- Air Export","Shipper":"GSK","Consignee":"GTA WORLD CARGO","Note":"REEFER TEMP 2-25C\r\nCUTOFF: MAY 17 @16:00HRS","ContainerNumber":"","OriginZone":"AIR","DestinationZone":"EXPORT","Date":"5/16/17","Time":"14:20:00","UNCODE":"CAMIS","Client":"RSRAM","IsNew":true}]},{"id":"f7359f20-46de-11e7-a92b-8d28ea0c3428","receiveTime":"2017-06-01 08:58:30 pm","created":"1496330910","client":"RSRAM","fileName":"PALCL.xls","logFile":"C:\\Projects\\EDIXML Files\\dailyarchive\\PALCL_201706010858.xls","records":[{"ID":"181559","Origin":"Brampton, ON","Destination":"Brampton, ON","BOL":"ANTONIO","PO":"400281939","TraceCd":"","Freight":"ENROUTE","Finance":"Un Rated","Status":"LCL","Customer":"Panalpina Inc.- Air Export","Shipper":"GSK","Consignee":"GTA WORLD CARGO","Note":"REEFER TEMP 2-25C\r\nCUTOFF: MAY 17 @16:00HRS","ContainerNumber":"","OriginZone":"AIR","DestinationZone":"EXPORT","Date":"5/16/17","Time":"14:20:00","UNCODE":"CAMIS","Client":"RSRAM","IsNew":true},{"ID":"181559","Origin":"Brampton, ON","Destination":"Brampton, ON","BOL":"ANTONIO","PO":"400281939","TraceCd":"","Freight":"ENROUTE","Finance":"Un Rated","Status":"LCL","Customer":"Panalpina Inc.- Air Export","Shipper":"GSK","Consignee":"GTA WORLD CARGO","Note":"REEFER TEMP 2-25C\r\nCUTOFF: MAY 17 @16:00HRS","ContainerNumber":"","OriginZone":"AIR","DestinationZone":"EXPORT","Date":"5/16/17","Time":"14:20:00","UNCODE":"CAMIS","Client":"RSRAM","IsNew":true},{"ID":"181560","Origin":"Brampton, ON","Destination":"Brampton, ON","BOL":"ANTONIO","PO":"400281939","TraceCd":"","Freight":"ENROUTE","Finance":"Un Rated","Status":"LCL","Customer":"Panalpina Inc.- Air Export","Shipper":"GSK","Consignee":"GTA WORLD CARGO","Note":"REEFER TEMP 2-25C\r\nCUTOFF: MAY 17 @16:00HRS","ContainerNumber":"","OriginZone":"AIR","DestinationZone":"EXPORT","Date":"5/16/17","Time":"14:20:00","UNCODE":"CAMIS","Client":"RSRAM","IsNew":true},{"ID":"181561","Origin":"Brampton, ON","Destination":"Brampton, ON","BOL":"ANTONIO","PO":"400281939","TraceCd":"","Freight":"ENROUTE","Finance":"Un Rated","Status":"LCL","Customer":"Panalpina Inc.- Air Export","Shipper":"GSK","Consignee":"GTA WORLD CARGO","Note":"REEFER TEMP 2-25C\r\nCUTOFF: MAY 17 @16:00HRS","ContainerNumber":"","OriginZone":"AIR","DestinationZone":"EXPORT","Date":"5/16/17","Time":"14:20:00","UNCODE":"CAMIS","Client":"RSRAM","IsNew":true},{"ID":"181562","Origin":"Brampton, ON","Destination":"Brampton, ON","BOL":"ANTONIO","PO":"400281939","TraceCd":"","Freight":"DELIVERED","Finance":"Un Rated","Status":"LCL","Customer":"Panalpina Inc.- Air Export","Shipper":"GSK","Consignee":"GTA WORLD CARGO","Note":"REEFER TEMP 2-25C\r\nCUTOFF: MAY 17 @16:00HRS","ContainerNumber":"","OriginZone":"AIR","DestinationZone":"EXPORT","Date":"5/16/17","Time":"14:20:00","UNCODE":"CAMIS","Client":"RSRAM","IsNew":true},{"ID":"181563","Origin":"Brampton, ON","Destination":"Brampton, ON","BOL":"ANTONIO","PO":"400281939","TraceCd":"","Freight":"DELIVERED","Finance":"Un Rated","Status":"LCL","Customer":"Panalpina Inc.- Air Export","Shipper":"GSK","Consignee":"GTA WORLD CARGO","Note":"REEFER TEMP 2-25C\r\nCUTOFF: MAY 17 @16:00HRS","ContainerNumber":"","OriginZone":"AIR","DestinationZone":"EXPORT","Date":"5/16/17","Time":"14:20:00","UNCODE":"CAMIS","Client":"RSRAM","IsNew":true}]},{"id":"176bb3d0-46ec-11e7-890b-73ff0a7cbc5e","receiveTime":"2017-06-01 10:32:27 pm","created":"1496336547","client":"RSRAM","fileName":"PALCL.xls","logFile":"C:\\Projects\\EDIXML Files\\dailyarchive\\PALCL_201706011032.xls","records":[{"ID":"181559","Origin":"Brampton, ON","Destination":"Brampton, ON","BOL":"ANTONIO","PO":"400281939","TraceCd":"","Freight":"ENROUTE","Finance":"Un Rated","Status":"LCL","Customer":"Panalpina Inc.- Air Export","Shipper":"GSK","Consignee":"GTA WORLD CARGO","Note":"REEFER TEMP 2-25C\r\nCUTOFF: MAY 17 @16:00HRS","ContainerNumber":"","OriginZone":"AIR","DestinationZone":"EXPORT","Date":"5/16/17","Time":"14:20:00","UNCODE":"CAMIS","Client":"RSRAM","IsNew":false},{"ID":"181559","Origin":"Brampton, ON","Destination":"Brampton, ON","BOL":"ANTONIO","PO":"400281939","TraceCd":"","Freight":"ENROUTE","Finance":"Un Rated","Status":"LCL","Customer":"Panalpina Inc.- Air Export","Shipper":"GSK","Consignee":"GTA WORLD CARGO","Note":"REEFER TEMP 2-25C\r\nCUTOFF: MAY 17 @16:00HRS","ContainerNumber":"","OriginZone":"AIR","DestinationZone":"EXPORT","Date":"5/16/17","Time":"14:20:00","UNCODE":"CAMIS","Client":"RSRAM","IsNew":false},{"ID":"181560","Origin":"Brampton, ON","Destination":"Brampton, ON","BOL":"ANTONIO","PO":"400281939","TraceCd":"","Freight":"ENROUTE","Finance":"Un Rated","Status":"LCL","Customer":"Panalpina Inc.- Air Export","Shipper":"GSK","Consignee":"GTA WORLD CARGO","Note":"REEFER TEMP 2-25C\r\nCUTOFF: MAY 17 @16:00HRS","ContainerNumber":"","OriginZone":"AIR","DestinationZone":"EXPORT","Date":"5/16/17","Time":"14:20:00","UNCODE":"CAMIS","Client":"RSRAM","IsNew":false},{"ID":"181561","Origin":"Brampton, ON","Destination":"Brampton, ON","BOL":"ANTONIO","PO":"400281939","TraceCd":"","Freight":"ENROUTE","Finance":"Un Rated","Status":"LCL","Customer":"Panalpina Inc.- Air Export","Shipper":"GSK","Consignee":"GTA WORLD CARGO","Note":"REEFER TEMP 2-25C\r\nCUTOFF: MAY 17 @16:00HRS","ContainerNumber":"","OriginZone":"AIR","DestinationZone":"EXPORT","Date":"5/16/17","Time":"14:20:00","UNCODE":"CAMIS","Client":"RSRAM"},{"ID":"181562","Origin":"Brampton, ON","Destination":"Brampton, ON","BOL":"ANTONIO","PO":"400281939","TraceCd":"","Freight":"DELIVERED","Finance":"Un Rated","Status":"LCL","Customer":"Panalpina Inc.- Air Export","Shipper":"GSK","Consignee":"GTA WORLD CARGO","Note":"REEFER TEMP 2-25C\r\nCUTOFF: MAY 17 @16:00HRS","ContainerNumber":"","OriginZone":"AIR","DestinationZone":"EXPORT","Date":"5/16/17","Time":"14:20:00","UNCODE":"CAMIS","Client":"RSRAM"},{"ID":"181563","Origin":"Brampton, ON","Destination":"Brampton, ON","BOL":"ANTONIO","PO":"400281939","TraceCd":"","Freight":"DELIVERED","Finance":"Un Rated","Status":"LCL","Customer":"Panalpina Inc.- Air Export","Shipper":"GSK","Consignee":"GTA WORLD CARGO","Note":"REEFER TEMP 2-25C\r\nCUTOFF: MAY 17 @16:00HRS","ContainerNumber":"","OriginZone":"AIR","DestinationZone":"EXPORT","Date":"5/16/17","Time":"14:20:00","UNCODE":"CAMIS","Client":"RSRAM"}]},{"id":"65349db0-46ed-11e7-890b-73ff0a7cbc5e","receiveTime":"2017-06-01 10:41:47 pm","created":"1496337107","client":"RSRAM","fileName":"PALCL.xls","logFile":"C:\\Projects\\EDIXML Files\\dailyarchive\\PALCL_201706011041.xls","records":[{"ID":"181559","Origin":"Brampton, ON","Destination":"Brampton, ON","BOL":"ANTONIO","PO":"400281939","TraceCd":"","Freight":"ENROUTE","Finance":"Un Rated","Status":"LCL","Customer":"Panalpina Inc.- Air Export","Shipper":"GSK","Consignee":"GTA WORLD CARGO","Note":"REEFER TEMP 2-25C\r\nCUTOFF: MAY 17 @16:00HRS","ContainerNumber":"","OriginZone":"AIR","DestinationZone":"EXPORT","Date":"5/16/17","Time":"14:20:00","UNCODE":"CAMIS","Client":"RSRAM","IsNew":false},{"ID":"100000","Origin":"Brampton, ON","Destination":"Brampton, ON","BOL":"ANTONIO","PO":"400281939","TraceCd":"","Freight":"ENROUTE","Finance":"Un Rated","Status":"LCL","Customer":"Panalpina Inc.- Air Export","Shipper":"GSK","Consignee":"GTA WORLD CARGO","Note":"REEFER TEMP 2-25C\r\nCUTOFF: MAY 17 @16:00HRS","ContainerNumber":"","OriginZone":"AIR","DestinationZone":"EXPORT","Date":"5/16/17","Time":"14:20:00","UNCODE":"CAMIS","Client":"RSRAM"}]},{"id":"af53aee0-46ed-11e7-a4b5-59a399968cf9","receiveTime":"2017-06-01 10:43:52 pm","created":"1496337232","client":"RSRAM","fileName":"PALCL.xls","logFile":"C:\\Projects\\EDIXML Files\\dailyarchive\\PALCL_201706011043.xls","records":[{"ID":"181559","Origin":"Brampton, ON","Destination":"Brampton, ON","BOL":"ANTONIO","PO":"400281939","TraceCd":"","Freight":"ENROUTE","Finance":"Un Rated","Status":"LCL","Customer":"Panalpina Inc.- Air Export","Shipper":"GSK","Consignee":"GTA WORLD CARGO","Note":"REEFER TEMP 2-25C\r\nCUTOFF: MAY 17 @16:00HRS","ContainerNumber":"","OriginZone":"AIR","DestinationZone":"EXPORT","Date":"5/16/17","Time":"14:20:00","UNCODE":"CAMIS","Client":"RSRAM","IsNew":false},{"ID":"100000","Origin":"Brampton, ON","Destination":"Brampton, ON","BOL":"ANTONIO","PO":"400281939","TraceCd":"","Freight":"ENROUTE","Finance":"Un Rated","Status":"LCL","Customer":"Panalpina Inc.- Air Export","Shipper":"GSK","Consignee":"GTA WORLD CARGO","Note":"REEFER TEMP 2-25C\r\nCUTOFF: MAY 17 @16:00HRS","ContainerNumber":"","OriginZone":"AIR","DestinationZone":"EXPORT","Date":"5/16/17","Time":"14:20:00","UNCODE":"CAMIS","Client":"RSRAM"}]},{"id":"26ceb050-46ee-11e7-92d4-bdefbfb74b99","receiveTime":"2017-06-01 10:47:12 pm","created":"1496337432","client":"RSRAM","fileName":"PALCL.xls","logFile":"C:\\Projects\\EDIXML Files\\dailyarchive\\PALCL_201706011047.xls","records":[{"ID":"181559","Origin":"Brampton, ON","Destination":"Brampton, ON","BOL":"ANTONIO","PO":"400281939","TraceCd":"","Freight":"ENROUTE","Finance":"Un Rated","Status":"LCL","Customer":"Panalpina Inc.- Air Export","Shipper":"GSK","Consignee":"GTA WORLD CARGO","Note":"REEFER TEMP 2-25C\r\nCUTOFF: MAY 17 @16:00HRS","ContainerNumber":"","OriginZone":"AIR","DestinationZone":"EXPORT","Date":"5/16/17","Time":"14:20:00","UNCODE":"CAMIS","Client":"RSRAM","IsNew":false},{"ID":"100000","Origin":"Brampton, ON","Destination":"Brampton, ON","BOL":"ANTONIO","PO":"400281939","TraceCd":"","Freight":"ENROUTE","Finance":"Un Rated","Status":"LCL","Customer":"Panalpina Inc.- Air Export","Shipper":"GSK","Consignee":"GTA WORLD CARGO","Note":"REEFER TEMP 2-25C\r\nCUTOFF: MAY 17 @16:00HRS","ContainerNumber":"","OriginZone":"AIR","DestinationZone":"EXPORT","Date":"5/16/17","Time":"14:20:00","UNCODE":"CAMIS","Client":"RSRAM"}]},{"id":"44969710-46ee-11e7-92d4-bdefbfb74b99","receiveTime":"2017-06-01 10:48:02 pm","created":"1496337482","client":"RSRAM","fileName":"PALCL.xls","logFile":"C:\\Projects\\EDIXML Files\\dailyarchive\\PALCL_201706011048.xls","records":[{"ID":"181559","Origin":"Brampton, ON","Destination":"Brampton, ON","BOL":"ANTONIO","PO":"400281939","TraceCd":"","Freight":"ENROUTE","Finance":"Un Rated","Status":"LCL","Customer":"Panalpina Inc.- Air Export","Shipper":"GSK","Consignee":"GTA WORLD CARGO","Note":"REEFER TEMP 2-25C\r\nCUTOFF: MAY 17 @16:00HRS","ContainerNumber":"","OriginZone":"AIR","DestinationZone":"EXPORT","Date":"5/16/17","Time":"14:20:00","UNCODE":"CAMIS","Client":"RSRAM","IsNew":false},{"ID":"100001","Origin":"Brampton, ON","Destination":"Brampton, ON","BOL":"ANTONIO","PO":"400281939","TraceCd":"","Freight":"ENROUTE","Finance":"Un Rated","Status":"LCL","Customer":"Panalpina Inc.- Air Export","Shipper":"GSK","Consignee":"GTA WORLD CARGO","Note":"REEFER TEMP 2-25C\r\nCUTOFF: MAY 17 @16:00HRS","ContainerNumber":"","OriginZone":"AIR","DestinationZone":"EXPORT","Date":"5/16/17","Time":"14:20:00","UNCODE":"CAMIS","Client":"RSRAM"}]},{"id":"134e5c00-46ef-11e7-8017-23bd5d06279a","receiveTime":"2017-06-01 10:53:49 pm","created":"1496337829","client":"RSRAM","fileName":"PALCL.xls","logFile":"C:\\Projects\\EDIXML Files\\dailyarchive\\PALCL_201706011053.xls","records":[{"ID":"181559","Origin":"Brampton, ON","Destination":"Brampton, ON","BOL":"ANTONIO","PO":"400281939","TraceCd":"","Freight":"ENROUTE","Finance":"Un Rated","Status":"LCL","Customer":"Panalpina Inc.- Air Export","Shipper":"GSK","Consignee":"GTA WORLD CARGO","Note":"REEFER TEMP 2-25C\r\nCUTOFF: MAY 17 @16:00HRS","ContainerNumber":"","OriginZone":"AIR","DestinationZone":"EXPORT","Date":"5/16/17","Time":"14:20:00","UNCODE":"CAMIS","Client":"RSRAM","IsNew":false},{"ID":"100001","Origin":"Brampton, ON","Destination":"Brampton, ON","BOL":"ANTONIO","PO":"400281939","TraceCd":"","Freight":"ENROUTE","Finance":"Un Rated","Status":"LCL","Customer":"Panalpina Inc.- Air Export","Shipper":"GSK","Consignee":"GTA WORLD CARGO","Note":"REEFER TEMP 2-25C\r\nCUTOFF: MAY 17 @16:00HRS","ContainerNumber":"","OriginZone":"AIR","DestinationZone":"EXPORT","Date":"5/16/17","Time":"14:20:00","UNCODE":"CAMIS","Client":"RSRAM"}]},{"id":"4ed6af70-46ef-11e7-8017-23bd5d06279a","receiveTime":"2017-06-01 10:55:29 pm","created":"1496337929","client":"RSRAM","fileName":"PALCL.xls","logFile":"C:\\Projects\\EDIXML Files\\dailyarchive\\PALCL_201706011055.xls","records":[{"ID":"181559","Origin":"Brampton, ON","Destination":"Brampton, ON","BOL":"ANTONIO","PO":"400281939","TraceCd":"","Freight":"ENROUTE","Finance":"Un Rated","Status":"LCL","Customer":"Panalpina Inc.- Air Export","Shipper":"GSK","Consignee":"GTA WORLD CARGO","Note":"REEFER TEMP 2-25C\r\nCUTOFF: MAY 17 @16:00HRS","ContainerNumber":"","OriginZone":"AIR","DestinationZone":"EXPORT","Date":"5/16/17","Time":"14:20:00","UNCODE":"CAMIS","Client":"RSRAM","IsNew":false},{"ID":"100002","Origin":"Brampton, ON","Destination":"Brampton, ON","BOL":"ANTONIO","PO":"400281939","TraceCd":"","Freight":"ENROUTE","Finance":"Un Rated","Status":"LCL","Customer":"Panalpina Inc.- Air Export","Shipper":"GSK","Consignee":"GTA WORLD CARGO","Note":"REEFER TEMP 2-25C\r\nCUTOFF: MAY 17 @16:00HRS","ContainerNumber":"","OriginZone":"AIR","DestinationZone":"EXPORT","Date":"5/16/17","Time":"14:20:00","UNCODE":"CAMIS","Client":"RSRAM"}]},{"id":"69c73340-46ef-11e7-ad1a-2503ef6a959b","receiveTime":"2017-06-01 10:56:14 pm","created":"1496337974","client":"RSRAM","fileName":"PALCL.xls","logFile":"C:\\Projects\\EDIXML Files\\dailyarchive\\PALCL_201706011056.xls","records":[{"ID":"181559","Origin":"Brampton, ON","Destination":"Brampton, ON","BOL":"ANTONIO","PO":"400281939","TraceCd":"","Freight":"ENROUTE","Finance":"Un Rated","Status":"LCL","Customer":"Panalpina Inc.- Air Export","Shipper":"GSK","Consignee":"GTA WORLD CARGO","Note":"REEFER TEMP 2-25C\r\nCUTOFF: MAY 17 @16:00HRS","ContainerNumber":"","OriginZone":"AIR","DestinationZone":"EXPORT","Date":"5/16/17","Time":"14:20:00","UNCODE":"CAMIS","Client":"RSRAM","IsNew":false},{"ID":"100002","Origin":"Brampton, ON","Destination":"Brampton, ON","BOL":"ANTONIO","PO":"400281939","TraceCd":"","Freight":"ENROUTE","Finance":"Un Rated","Status":"LCL","Customer":"Panalpina Inc.- Air Export","Shipper":"GSK","Consignee":"GTA WORLD CARGO","Note":"REEFER TEMP 2-25C\r\nCUTOFF: MAY 17 @16:00HRS","ContainerNumber":"","OriginZone":"AIR","DestinationZone":"EXPORT","Date":"5/16/17","Time":"14:20:00","UNCODE":"CAMIS","Client":"RSRAM"}]},{"id":"8f271240-46ef-11e7-b317-7d793e54cee2","receiveTime":"2017-06-01 10:57:17 pm","created":"1496338037","client":"RSRAM","fileName":"PALCL.xls","logFile":"C:\\Projects\\EDIXML Files\\dailyarchive\\PALCL_201706011057.xls","records":[{"ID":"181559","Origin":"Brampton, ON","Destination":"Brampton, ON","BOL":"ANTONIO","PO":"400281939","TraceCd":"","Freight":"ENROUTE","Finance":"Un Rated","Status":"LCL","Customer":"Panalpina Inc.- Air Export","Shipper":"GSK","Consignee":"GTA WORLD CARGO","Note":"REEFER TEMP 2-25C\r\nCUTOFF: MAY 17 @16:00HRS","ContainerNumber":"","OriginZone":"AIR","DestinationZone":"EXPORT","Date":"5/16/17","Time":"14:20:00","UNCODE":"CAMIS","Client":"RSRAM","IsNew":false},{"ID":"100002","Origin":"Brampton, ON","Destination":"Brampton, ON","BOL":"ANTONIO","PO":"400281939","TraceCd":"","Freight":"ENROUTE","Finance":"Un Rated","Status":"LCL","Customer":"Panalpina Inc.- Air Export","Shipper":"GSK","Consignee":"GTA WORLD CARGO","Note":"REEFER TEMP 2-25C\r\nCUTOFF: MAY 17 @16:00HRS","ContainerNumber":"","OriginZone":"AIR","DestinationZone":"EXPORT","Date":"5/16/17","Time":"14:20:00","UNCODE":"CAMIS","Client":"RSRAM"}]},{"id":"d6e04700-46ef-11e7-8503-497cfc398291","receiveTime":"2017-06-01 10:59:17 pm","created":"1496338157","client":"RSRAM","fileName":"PALCL.xls","logFile":"C:\\Projects\\EDIXML Files\\dailyarchive\\PALCL_201706011059.xls","records":[{"ID":"181559","Origin":"Brampton, ON","Destination":"Brampton, ON","BOL":"ANTONIO","PO":"400281939","TraceCd":"","Freight":"ENROUTE","Finance":"Un Rated","Status":"LCL","Customer":"Panalpina Inc.- Air Export","Shipper":"GSK","Consignee":"GTA WORLD CARGO","Note":"REEFER TEMP 2-25C\r\nCUTOFF: MAY 17 @16:00HRS","ContainerNumber":"","OriginZone":"AIR","DestinationZone":"EXPORT","Date":"5/16/17","Time":"14:20:00","UNCODE":"CAMIS","Client":"RSRAM","IsNew":false},{"ID":"100002","Origin":"Brampton, ON","Destination":"Brampton, ON","BOL":"ANTONIO","PO":"400281939","TraceCd":"","Freight":"ENROUTE","Finance":"Un Rated","Status":"LCL","Customer":"Panalpina Inc.- Air Export","Shipper":"GSK","Consignee":"GTA WORLD CARGO","Note":"REEFER TEMP 2-25C\r\nCUTOFF: MAY 17 @16:00HRS","ContainerNumber":"","OriginZone":"AIR","DestinationZone":"EXPORT","Date":"5/16/17","Time":"14:20:00","UNCODE":"CAMIS","Client":"RSRAM"}]},{"id":"79e6e580-46f0-11e7-a3cf-4d6169680aa5","receiveTime":"2017-06-01 11:03:50 pm","created":"1496338430","client":"RSRAM","fileName":"PALCL.xls","logFile":"C:\\Projects\\EDIXML Files\\dailyarchive\\PALCL_201706011103.xls","records":[{"ID":"181559","Origin":"Brampton, ON","Destination":"Brampton, ON","BOL":"ANTONIO","PO":"400281939","TraceCd":"","Freight":"ENROUTE","Finance":"Un Rated","Status":"LCL","Customer":"Panalpina Inc.- Air Export","Shipper":"GSK","Consignee":"GTA WORLD CARGO","Note":"REEFER TEMP 2-25C\r\nCUTOFF: MAY 17 @16:00HRS","ContainerNumber":"","OriginZone":"AIR","DestinationZone":"EXPORT","Date":"5/16/17","Time":"14:20:00","UNCODE":"CAMIS","Client":"RSRAM","IsNew":false},{"ID":"100002","Origin":"Brampton, ON","Destination":"Brampton, ON","BOL":"ANTONIO","PO":"400281939","TraceCd":"","Freight":"ENROUTE","Finance":"Un Rated","Status":"LCL","Customer":"Panalpina Inc.- Air Export","Shipper":"GSK","Consignee":"GTA WORLD CARGO","Note":"REEFER TEMP 2-25C\r\nCUTOFF: MAY 17 @16:00HRS","ContainerNumber":"","OriginZone":"AIR","DestinationZone":"EXPORT","Date":"5/16/17","Time":"14:20:00","UNCODE":"CAMIS","Client":"RSRAM","IsNew":false}]},{"id":"1d75c6d0-46f1-11e7-a3cf-4d6169680aa5","receiveTime":"2017-06-01 11:08:25 pm","created":"1496338705","client":"RSRAM","fileName":"PALCL.xls","logFile":"C:\\Projects\\EDIXML Files\\dailyarchive\\PALCL_201706011108.xls","records":[{"ID":"181559","Origin":"Brampton, ON","Destination":"Brampton, ON","BOL":"ANTONIO","PO":"400281939","TraceCd":"","Freight":"ENROUTE","Finance":"Un Rated","Status":"LCL","Customer":"Panalpina Inc.- Air Export","Shipper":"GSK","Consignee":"GTA WORLD CARGO","Note":"REEFER TEMP 2-25C\r\nCUTOFF: MAY 17 @16:00HRS","ContainerNumber":"","OriginZone":"AIR","DestinationZone":"EXPORT","Date":"5/16/17","Time":"14:20:00","UNCODE":"CAMIS","Client":"RSRAM","IsNew":false},{"ID":"100003","Origin":"Brampton, ","Destination":"Brampton,","BOL":"ANTONIO","PO":"400281939","TraceCd":"","Freight":"ENROUTE","Finance":"Un Rated","Status":"LCL","Customer":"Panalpina Inc.- Air Export","Shipper":"GSK","Consignee":"GTA WORLD CARGO","Note":"REEFER TEMP 2-25C\r\nCUTOFF: MAY 17 @16:00HRS","ContainerNumber":"","OriginZone":"AIR","DestinationZone":"EXPORT","Date":"5/16/17","Time":"14:20:00","UNCODE":"CAMIS","Client":"RSRAM","IsNew":true}]},{"id":"b1121ac0-477c-11e7-b317-efc909d9fc00","receiveTime":"2017-06-02 03:47:33 pm","created":"1496398653","client":"RSRAM","fileName":"PALCL.xls","logFile":"C:\\Projects\\EDIXML Files\\dailyarchive\\PALCL_201706020347.xls","records":[{"ID":"181559","Origin":"Brampton, ON","Destination":"Brampton, ON","BOL":"ANTONIO","PO":"400281939","TraceCd":"","Freight":"ENROUTE","Finance":"Un Rated","Status":"LCL","Customer":"Panalpina Inc.- Air Export","Shipper":"GSK","Consignee":"GTA WORLD CARGO","Note":"REEFER TEMP 2-25C\r\nCUTOFF: MAY 17 @16:00HRS","ContainerNumber":"","OriginZone":"AIR","DestinationZone":"EXPORT","Date":"5/16/17","Time":"14:20:00","UNCODE":"CAMIS","Client":"RSRAM","IsNew":false},{"ID":"100006","Origin":"Brampton, ","Destination":"Brampton,","BOL":"ANTONIO","PO":"400281939","TraceCd":"","Freight":"ENROUTE","Finance":"Un Rated","Status":"LCL","Customer":"Panalpina Inc.- Air Export","Shipper":"GSK","Consignee":"GTA WORLD CARGO","Note":"REEFER TEMP 2-25C\r\nCUTOFF: MAY 17 @16:00HRS","ContainerNumber":"","OriginZone":"AIR","DestinationZone":"EXPORT","Date":"5/16/17","Time":"14:20:00","UNCODE":"CAMIS","Client":"RSRAM","IsNew":true}]},{"id":"1c143560-477d-11e7-b317-efc909d9fc00","receiveTime":"2017-06-02 03:50:32 pm","created":"1496398832","client":"RSRAM","fileName":"PALCL.xls","logFile":"C:\\Projects\\EDIXML Files\\dailyarchive\\PALCL_201706020350.xls","records":[{"ID":"181559","Origin":"Brampton, ON","Destination":"Brampton, ON","BOL":"ANTONIO","PO":"400281939","TraceCd":"","Freight":"ENROUTE","Finance":"Un Rated","Status":"LCL","Customer":"Panalpina Inc.- Air Export","Shipper":"GSK","Consignee":"GTA WORLD CARGO","Note":"REEFER TEMP 2-25C\r\nCUTOFF: MAY 17 @16:00HRS","ContainerNumber":"","OriginZone":"AIR","DestinationZone":"EXPORT","Date":"5/16/17","Time":"14:20:00","UNCODE":"CAMIS","Client":"RSRAM","IsNew":false},{"ID":"100007","Origin":"Brampton, ","Destination":"Brampton,","BOL":"ANTONIO","PO":"400281939","TraceCd":"","Freight":"ENROUTE","Finance":"Un Rated","Status":"LCL","Customer":"Panalpina Inc.- Air Export","Shipper":"GSK","Consignee":"GTA WORLD CARGO","Note":"REEFER TEMP 2-25C\r\nCUTOFF: MAY 17 @16:00HRS","ContainerNumber":"","OriginZone":"AIR","DestinationZone":"EXPORT","Date":"5/16/17","Time":"14:20:00","UNCODE":"CAMIS","Client":"RSRAM","IsNew":true}]},{"id":"3e4bf960-477d-11e7-bd6b-3faa9cb0edfe","receiveTime":"2017-06-02 03:51:29 pm","created":"1496398889","client":"RSRAM","fileName":"PALCL.xls","logFile":"C:\\Projects\\EDIXML Files\\dailyarchive\\PALCL_201706020351.xls","records":[{"ID":"181559","Origin":"Brampton, ON","Destination":"Brampton, ON","BOL":"ANTONIO","PO":"400281939","TraceCd":"","Freight":"ENROUTE","Finance":"Un Rated","Status":"LCL","Customer":"Panalpina Inc.- Air Export","Shipper":"GSK","Consignee":"GTA WORLD CARGO","Note":"REEFER TEMP 2-25C\r\nCUTOFF: MAY 17 @16:00HRS","ContainerNumber":"","OriginZone":"AIR","DestinationZone":"EXPORT","Date":"5/16/17","Time":"14:20:00","UNCODE":"CAMIS","Client":"RSRAM","IsNew":false},{"ID":"100008","Origin":"Brampton, ","Destination":"Brampton,","BOL":"ANTONIO","PO":"400281939","TraceCd":"","Freight":"ENROUTE","Finance":"Un Rated","Status":"LCL","Customer":"Panalpina Inc.- Air Export","Shipper":"GSK","Consignee":"GTA WORLD CARGO","Note":"REEFER TEMP 2-25C\r\nCUTOFF: MAY 17 @16:00HRS","ContainerNumber":"","OriginZone":"AIR","DestinationZone":"EXPORT","Date":"5/16/17","Time":"14:20:00","UNCODE":"CAMIS","Client":"RSRAM","IsNew":true}]},{"id":"ca21b420-477d-11e7-966d-db36d0a0bbe0","receiveTime":"2017-06-02 03:55:24 pm","created":"1496399124","client":"RSRAM","fileName":"PALCL.xls","logFile":"C:\\Projects\\EDIXML Files\\dailyarchive\\PALCL_201706020355.xls","records":[{"ID":"181559","Origin":"Brampton, ON","Destination":"Brampton, ON","BOL":"ANTONIO","PO":"400281939","TraceCd":"","Freight":"ENROUTE","Finance":"Un Rated","Status":"LCL","Customer":"Panalpina Inc.- Air Export","Shipper":"GSK","Consignee":"GTA WORLD CARGO","Note":"REEFER TEMP 2-25C\r\nCUTOFF: MAY 17 @16:00HRS","ContainerNumber":"","OriginZone":"AIR","DestinationZone":"EXPORT","Date":"5/16/17","Time":"14:20:00","UNCODE":"CAMIS","Client":"RSRAM","IsNew":false},{"ID":"100009","Origin":"Brampton, ","Destination":"Brampton,","BOL":"ANTONIO","PO":"400281939","TraceCd":"","Freight":"ENROUTE","Finance":"Un Rated","Status":"LCL","Customer":"Panalpina Inc.- Air Export","Shipper":"GSK","Consignee":"GTA WORLD CARGO","Note":"REEFER TEMP 2-25C\r\nCUTOFF: MAY 17 @16:00HRS","ContainerNumber":"","OriginZone":"AIR","DestinationZone":"EXPORT","Date":"5/16/17","Time":"14:20:00","UNCODE":"CAMIS","Client":"RSRAM","IsNew":true}]},{"id":"0bec5ae0-477e-11e7-95fc-9ffa968b88e8","receiveTime":"2017-06-02 03:57:14 pm","created":"1496399234","client":"RSRAM","fileName":"PALCL.xls","logFile":"C:\\Projects\\EDIXML Files\\dailyarchive\\PALCL_201706020357.xls","records":[{"ID":"181559","Origin":"Brampton, ON","Destination":"Brampton, ON","BOL":"ANTONIO","PO":"400281939","TraceCd":"","Freight":"ENROUTE","Finance":"Un Rated","Status":"LCL","Customer":"Panalpina Inc.- Air Export","Shipper":"GSK","Consignee":"GTA WORLD CARGO","Note":"REEFER TEMP 2-25C\r\nCUTOFF: MAY 17 @16:00HRS","ContainerNumber":"","OriginZone":"AIR","DestinationZone":"EXPORT","Date":"5/16/17","Time":"14:20:00","UNCODE":"CAMIS","Client":"RSRAM","IsNew":false},{"ID":"100010","Origin":"Brampton, ","Destination":"Brampton,","BOL":"ANTONIO","PO":"400281939","TraceCd":"","Freight":"ENROUTE","Finance":"Un Rated","Status":"LCL","Customer":"Panalpina Inc.- Air Export","Shipper":"GSK","Consignee":"GTA WORLD CARGO","Note":"REEFER TEMP 2-25C\r\nCUTOFF: MAY 17 @16:00HRS","ContainerNumber":"","OriginZone":"AIR","DestinationZone":"EXPORT","Date":"5/16/17","Time":"14:20:00","UNCODE":"CAMIS","Client":"RSRAM","IsNew":true}]},{"id":"13dfa370-4787-11e7-8b04-a922c74aed22","receiveTime":"2017-06-02 05:01:53 pm","created":"1496403113","client":"RSRAM","fileName":"PALCL.xls","logFile":"C:\\Projects\\EDIXML Files\\dailyarchive\\PALCL_201706020501.xls","records":[{"ID":"181559","Origin":"Brampton, ON","Destination":"Brampton, ON","BOL":"ANTONIO","PO":"400281939","TraceCd":"","Freight":"ENROUTE","Finance":"Un Rated","Status":"LCL","Customer":"Panalpina Inc.- Air Export","Shipper":"GSK","Consignee":"GTA WORLD CARGO","Note":"REEFER TEMP 2-25C\r\nCUTOFF: MAY 17 @16:00HRS","ContainerNumber":"","OriginZone":"AIR","DestinationZone":"EXPORT","Date":"5/16/17","Time":"14:20:00","UNCODE":"CAMIS","Client":"RSRAM","IsNew":false},{"ID":"100011","Origin":"Brampton, ON","Destination":"Brampton, ON","BOL":"ANTONIO","PO":"400281939","TraceCd":"","Freight":"ENROUTE","Finance":"Un Rated","Status":"LCL","Customer":"Panalpina Inc.- Air Export","Shipper":"GSK","Consignee":"GTA WORLD CARGO","Note":"REEFER TEMP 2-25C\r\nCUTOFF: MAY 17 @16:00HRS","ContainerNumber":"","OriginZone":"AIR","DestinationZone":"EXPORT","Date":"5/16/17","Time":"14:20:00","UNCODE":"CAMIS","Client":"RSRAM","IsNew":true},{"ID":"100012","Origin":"Brampton, ON","Destination":"Brampton, ON","BOL":"ANTONIO","PO":"500281939","TraceCd":"","Freight":"ENROUTE","Finance":"Un Rated","Status":"LCL","Customer":"Panalpina Inc.- Air Export","Shipper":"GSK","Consignee":"GTA WORLD CARGO","Note":"REEFER TEMP 2-25C\r\nCUTOFF: MAY 17 @16:00HRS","ContainerNumber":"","OriginZone":"AIR","DestinationZone":"EXPORT","Date":"5/16/17","Time":"14:20:00","UNCODE":"CAMIS","Client":"RSRAM","IsNew":true}]},{"id":"79482de0-4787-11e7-9ef2-b179e12752c1","receiveTime":"2017-06-02 05:04:43 pm","created":"1496403283","client":"RSRAM","fileName":"PALCL.xls","logFile":"C:\\Projects\\EDIXML Files\\dailyarchive\\PALCL_201706020504.xls","records":[{"ID":"181559","Origin":"Brampton, ON","Destination":"Brampton, ON","BOL":"ANTONIO","PO":"400281939","TraceCd":"","Freight":"ENROUTE","Finance":"Un Rated","Status":"LCL","Customer":"Panalpina Inc.- Air Export","Shipper":"GSK","Consignee":"GTA WORLD CARGO","Note":"REEFER TEMP 2-25C\r\nCUTOFF: MAY 17 @16:00HRS","ContainerNumber":"","OriginZone":"AIR","DestinationZone":"EXPORT","Date":"5/16/17","Time":"14:20:00","UNCODE":"CAMIS","Client":"RSRAM","IsNew":false},{"ID":"100011","Origin":"Brampton, ON","Destination":"Brampton, ON","BOL":"ANTONIO","PO":"400281939","TraceCd":"","Freight":"ENROUTE","Finance":"Un Rated","Status":"LCL","Customer":"Panalpina Inc.- Air Export","Shipper":"GSK","Consignee":"GTA WORLD CARGO","Note":"REEFER TEMP 2-25C\r\nCUTOFF: MAY 17 @16:00HRS","ContainerNumber":"","OriginZone":"AIR","DestinationZone":"EXPORT","Date":"5/16/17","Time":"14:20:00","UNCODE":"CAMIS","Client":"RSRAM","IsNew":false},{"ID":"100012","Origin":"Brampton, ON","Destination":"Brampton, ON","BOL":"ANTONIO","PO":"500281939","TraceCd":"","Freight":"ENROUTE","Finance":"Un Rated","Status":"LCL","Customer":"Panalpina Inc.- Air Export","Shipper":"GSK","Consignee":"GTA WORLD CARGO","Note":"REEFER TEMP 2-25C\r\nCUTOFF: MAY 17 @16:00HRS","ContainerNumber":"","OriginZone":"AIR","DestinationZone":"EXPORT","Date":"5/16/17","Time":"14:20:00","UNCODE":"CAMIS","Client":"RSRAM","IsNew":false}]},{"id":"990e7cb0-4787-11e7-9ef2-b179e12752c1","receiveTime":"2017-06-02 05:05:37 pm","created":"1496403337","client":"RSRAM","fileName":"PALCL.xls","logFile":"C:\\Projects\\EDIXML Files\\dailyarchive\\PALCL_201706020505.xls","records":[{"ID":"181559","Origin":"Brampton, ON","Destination":"Brampton, ON","BOL":"ANTONIO","PO":"400281939","TraceCd":"","Freight":"ENROUTE","Finance":"Un Rated","Status":"LCL","Customer":"Panalpina Inc.- Air Export","Shipper":"GSK","Consignee":"GTA WORLD CARGO","Note":"REEFER TEMP 2-25C\r\nCUTOFF: MAY 17 @16:00HRS","ContainerNumber":"","OriginZone":"AIR","DestinationZone":"EXPORT","Date":"5/16/17","Time":"14:20:00","UNCODE":"CAMIS","Client":"RSRAM","IsNew":false},{"ID":"100013","Origin":"Brampton, ON","Destination":"Brampton, ON","BOL":"ANTONIO","PO":"400281939","TraceCd":"","Freight":"ENROUTE","Finance":"Un Rated","Status":"LCL","Customer":"Panalpina Inc.- Air Export","Shipper":"GSK","Consignee":"GTA WORLD CARGO","Note":"REEFER TEMP 2-25C\r\nCUTOFF: MAY 17 @16:00HRS","ContainerNumber":"","OriginZone":"AIR","DestinationZone":"EXPORT","Date":"5/16/17","Time":"14:20:00","UNCODE":"CAMIS","Client":"RSRAM","IsNew":true},{"ID":"100014","Origin":"Brampton, ON","Destination":"Brampton, ON","BOL":"ANTONIO","PO":"500281939","TraceCd":"","Freight":"ENROUTE","Finance":"Un Rated","Status":"LCL","Customer":"Panalpina Inc.- Air Export","Shipper":"GSK","Consignee":"GTA WORLD CARGO","Note":"REEFER TEMP 2-25C\r\nCUTOFF: MAY 17 @16:00HRS","ContainerNumber":"","OriginZone":"AIR","DestinationZone":"EXPORT","Date":"5/16/17","Time":"14:20:00","UNCODE":"CAMIS","Client":"RSRAM","IsNew":true}]},{"id":"9915a8a0-4787-11e7-9ef2-b179e12752c1","receiveTime":"2017-06-02 05:05:37 pm","created":"1496403337","client":"RSRAM","fileName":"PALCL.xls","logFile":"C:\\Projects\\EDIXML Files\\dailyarchive\\PALCL_201706020505.xls","records":[{"ID":"181559","Origin":"Brampton, ON","Destination":"Brampton, ON","BOL":"ANTONIO","PO":"400281939","TraceCd":"","Freight":"ENROUTE","Finance":"Un Rated","Status":"LCL","Customer":"Panalpina Inc.- Air Export","Shipper":"GSK","Consignee":"GTA WORLD CARGO","Note":"REEFER TEMP 2-25C\r\nCUTOFF: MAY 17 @16:00HRS","ContainerNumber":"","OriginZone":"AIR","DestinationZone":"EXPORT","Date":"5/16/17","Time":"14:20:00","UNCODE":"CAMIS","Client":"RSRAM","IsNew":false},{"ID":"100013","Origin":"Brampton, ON","Destination":"Brampton, ON","BOL":"ANTONIO","PO":"400281939","TraceCd":"","Freight":"ENROUTE","Finance":"Un Rated","Status":"LCL","Customer":"Panalpina Inc.- Air Export","Shipper":"GSK","Consignee":"GTA WORLD CARGO","Note":"REEFER TEMP 2-25C\r\nCUTOFF: MAY 17 @16:00HRS","ContainerNumber":"","OriginZone":"AIR","DestinationZone":"EXPORT","Date":"5/16/17","Time":"14:20:00","UNCODE":"CAMIS","Client":"RSRAM","IsNew":true},{"ID":"100014","Origin":"Brampton, ON","Destination":"Brampton, ON","BOL":"ANTONIO","PO":"500281939","TraceCd":"","Freight":"ENROUTE","Finance":"Un Rated","Status":"LCL","Customer":"Panalpina Inc.- Air Export","Shipper":"GSK","Consignee":"GTA WORLD CARGO","Note":"REEFER TEMP 2-25C\r\nCUTOFF: MAY 17 @16:00HRS","ContainerNumber":"","OriginZone":"AIR","DestinationZone":"EXPORT","Date":"5/16/17","Time":"14:20:00","UNCODE":"CAMIS","Client":"RSRAM","IsNew":true}]},{"id":"667d9500-4788-11e7-9e25-b97b06fffe07","receiveTime":"2017-06-02 05:11:21 pm","created":"1496403681","client":"RSRAM","fileName":"PALCL.xls","logFile":"C:\\Projects\\EDIXML Files\\dailyarchive\\PALCL_201706020511.xls","records":[{"ID":"181559","Origin":"Brampton, ON","Destination":"Brampton, ON","BOL":"ANTONIO","PO":"400281939","TraceCd":"","Freight":"ENROUTE","Finance":"Un Rated","Status":"LCL","Customer":"Panalpina Inc.- Air Export","Shipper":"GSK","Consignee":"GTA WORLD CARGO","Note":"REEFER TEMP 2-25C\r\nCUTOFF: MAY 17 @16:00HRS","ContainerNumber":"","OriginZone":"AIR","DestinationZone":"EXPORT","Date":"5/16/17","Time":"14:20:00","UNCODE":"CAMIS","Client":"RSRAM","IsNew":false},{"ID":"100015","Origin":"Brampton, ON","Destination":"Brampton, ON","BOL":"ANTONIO","PO":"400281939","TraceCd":"","Freight":"ENROUTE","Finance":"Un Rated","Status":"LCL","Customer":"Panalpina Inc.- Air Export","Shipper":"GSK","Consignee":"GTA WORLD CARGO","Note":"REEFER TEMP 2-25C\r\nCUTOFF: MAY 17 @16:00HRS","ContainerNumber":"","OriginZone":"AIR","DestinationZone":"EXPORT","Date":"5/16/17","Time":"14:20:00","UNCODE":"CAMIS","Client":"RSRAM","IsNew":true},{"ID":"100016","Origin":"Brampton, ON","Destination":"Brampton, ON","BOL":"ANTONIO","PO":"500281939","TraceCd":"","Freight":"ENROUTE","Finance":"Un Rated","Status":"LCL","Customer":"Panalpina Inc.- Air Export","Shipper":"GSK","Consignee":"GTA WORLD CARGO","Note":"REEFER TEMP 2-25C\r\nCUTOFF: MAY 17 @16:00HRS","ContainerNumber":"","OriginZone":"AIR","DestinationZone":"EXPORT","Date":"5/16/17","Time":"14:20:00","UNCODE":"CAMIS","Client":"RSRAM","IsNew":true}]},{"id":"667fdef1-4788-11e7-9e25-b97b06fffe07","receiveTime":"2017-06-02 05:11:21 pm","created":"1496403681","client":"RSRAM","fileName":"PALCL.xls","logFile":"C:\\Projects\\EDIXML Files\\dailyarchive\\PALCL_201706020511.xls","records":[{"ID":"181559","Origin":"Brampton, ON","Destination":"Brampton, ON","BOL":"ANTONIO","PO":"400281939","TraceCd":"","Freight":"ENROUTE","Finance":"Un Rated","Status":"LCL","Customer":"Panalpina Inc.- Air Export","Shipper":"GSK","Consignee":"GTA WORLD CARGO","Note":"REEFER TEMP 2-25C\r\nCUTOFF: MAY 17 @16:00HRS","ContainerNumber":"","OriginZone":"AIR","DestinationZone":"EXPORT","Date":"5/16/17","Time":"14:20:00","UNCODE":"CAMIS","Client":"RSRAM","IsNew":false},{"ID":"100015","Origin":"Brampton, ON","Destination":"Brampton, ON","BOL":"ANTONIO","PO":"400281939","TraceCd":"","Freight":"ENROUTE","Finance":"Un Rated","Status":"LCL","Customer":"Panalpina Inc.- Air Export","Shipper":"GSK","Consignee":"GTA WORLD CARGO","Note":"REEFER TEMP 2-25C\r\nCUTOFF: MAY 17 @16:00HRS","ContainerNumber":"","OriginZone":"AIR","DestinationZone":"EXPORT","Date":"5/16/17","Time":"14:20:00","UNCODE":"CAMIS","Client":"RSRAM","IsNew":true},{"ID":"100016","Origin":"Brampton, ON","Destination":"Brampton, ON","BOL":"ANTONIO","PO":"500281939","TraceCd":"","Freight":"ENROUTE","Finance":"Un Rated","Status":"LCL","Customer":"Panalpina Inc.- Air Export","Shipper":"GSK","Consignee":"GTA WORLD CARGO","Note":"REEFER TEMP 2-25C\r\nCUTOFF: MAY 17 @16:00HRS","ContainerNumber":"","OriginZone":"AIR","DestinationZone":"EXPORT","Date":"5/16/17","Time":"14:20:00","UNCODE":"CAMIS","Client":"RSRAM","IsNew":true}]},{"id":"a0af5920-4788-11e7-b0c6-f348375e8a0f","receiveTime":"2017-06-02 05:12:59 pm","created":"1496403779","client":"RSRAM","fileName":"PALCL.xls","logFile":"C:\\Projects\\EDIXML Files\\dailyarchive\\PALCL_201706020512.xls","records":[{"ID":"181559","Origin":"Brampton, ON","Destination":"Brampton, ON","BOL":"ANTONIO","PO":"400281939","TraceCd":"","Freight":"ENROUTE","Finance":"Un Rated","Status":"LCL","Customer":"Panalpina Inc.- Air Export","Shipper":"GSK","Consignee":"GTA WORLD CARGO","Note":"REEFER TEMP 2-25C\r\nCUTOFF: MAY 17 @16:00HRS","ContainerNumber":"","OriginZone":"AIR","DestinationZone":"EXPORT","Date":"5/16/17","Time":"14:20:00","UNCODE":"CAMIS","Client":"RSRAM","IsNew":false},{"ID":"100017","Origin":"Brampton, ON","Destination":"Brampton, ON","BOL":"ANTONIO","PO":"400281939","TraceCd":"","Freight":"ENROUTE","Finance":"Un Rated","Status":"LCL","Customer":"Panalpina Inc.- Air Export","Shipper":"GSK","Consignee":"GTA WORLD CARGO","Note":"REEFER TEMP 2-25C\r\nCUTOFF: MAY 17 @16:00HRS","ContainerNumber":"","OriginZone":"AIR","DestinationZone":"EXPORT","Date":"5/16/17","Time":"14:20:00","UNCODE":"CAMIS","Client":"RSRAM","IsNew":true},{"ID":"100018","Origin":"Brampton, ON","Destination":"Brampton, ON","BOL":"ANTONIO","PO":"500281939","TraceCd":"","Freight":"ENROUTE","Finance":"Un Rated","Status":"LCL","Customer":"Panalpina Inc.- Air Export","Shipper":"GSK","Consignee":"GTA WORLD CARGO","Note":"REEFER TEMP 2-25C\r\nCUTOFF: MAY 17 @16:00HRS","ContainerNumber":"","OriginZone":"AIR","DestinationZone":"EXPORT","Date":"5/16/17","Time":"14:20:00","UNCODE":"CAMIS","Client":"RSRAM","IsNew":true}]},{"id":"a10b0db0-4788-11e7-b0c6-f348375e8a0f","receiveTime":"2017-06-02 05:13:00 pm","created":"1496403780","client":"RSRAM","fileName":"PALCL.xls","logFile":"C:\\Projects\\EDIXML Files\\dailyarchive\\PALCL_201706020513.xls","records":[{"ID":"181559","Origin":"Brampton, ON","Destination":"Brampton, ON","BOL":"ANTONIO","PO":"400281939","TraceCd":"","Freight":"ENROUTE","Finance":"Un Rated","Status":"LCL","Customer":"Panalpina Inc.- Air Export","Shipper":"GSK","Consignee":"GTA WORLD CARGO","Note":"REEFER TEMP 2-25C\r\nCUTOFF: MAY 17 @16:00HRS","ContainerNumber":"","OriginZone":"AIR","DestinationZone":"EXPORT","Date":"5/16/17","Time":"14:20:00","UNCODE":"CAMIS","Client":"RSRAM","IsNew":false},{"ID":"100017","Origin":"Brampton, ON","Destination":"Brampton, ON","BOL":"ANTONIO","PO":"400281939","TraceCd":"","Freight":"ENROUTE","Finance":"Un Rated","Status":"LCL","Customer":"Panalpina Inc.- Air Export","Shipper":"GSK","Consignee":"GTA WORLD CARGO","Note":"REEFER TEMP 2-25C\r\nCUTOFF: MAY 17 @16:00HRS","ContainerNumber":"","OriginZone":"AIR","DestinationZone":"EXPORT","Date":"5/16/17","Time":"14:20:00","UNCODE":"CAMIS","Client":"RSRAM","IsNew":true},{"ID":"100018","Origin":"Brampton, ON","Destination":"Brampton, ON","BOL":"ANTONIO","PO":"500281939","TraceCd":"","Freight":"ENROUTE","Finance":"Un Rated","Status":"LCL","Customer":"Panalpina Inc.- Air Export","Shipper":"GSK","Consignee":"GTA WORLD CARGO","Note":"REEFER TEMP 2-25C\r\nCUTOFF: MAY 17 @16:00HRS","ContainerNumber":"","OriginZone":"AIR","DestinationZone":"EXPORT","Date":"5/16/17","Time":"14:20:00","UNCODE":"CAMIS","Client":"RSRAM","IsNew":true}]},{"id":"d7703970-4788-11e7-b44c-71118cb775d5","receiveTime":"2017-06-02 05:14:31 pm","created":"1496403871","client":"RSRAM","fileName":"PALCL.xls","logFile":"C:\\Projects\\EDIXML Files\\dailyarchive\\PALCL_201706020514.xls","records":[{"ID":"181559","Origin":"Brampton, ON","Destination":"Brampton, ON","BOL":"ANTONIO","PO":"400281939","TraceCd":"","Freight":"ENROUTE","Finance":"Un Rated","Status":"LCL","Customer":"Panalpina Inc.- Air Export","Shipper":"GSK","Consignee":"GTA WORLD CARGO","Note":"REEFER TEMP 2-25C\r\nCUTOFF: MAY 17 @16:00HRS","ContainerNumber":"","OriginZone":"AIR","DestinationZone":"EXPORT","Date":"5/16/17","Time":"14:20:00","UNCODE":"CAMIS","Client":"RSRAM","IsNew":false},{"ID":"100019","Origin":"Brampton, ON","Destination":"Brampton, ON","BOL":"ANTONIO","PO":"400281939","TraceCd":"","Freight":"ENROUTE","Finance":"Un Rated","Status":"LCL","Customer":"Panalpina Inc.- Air Export","Shipper":"GSK","Consignee":"GTA WORLD CARGO","Note":"REEFER TEMP 2-25C\r\nCUTOFF: MAY 17 @16:00HRS","ContainerNumber":"","OriginZone":"AIR","DestinationZone":"EXPORT","Date":"5/16/17","Time":"14:20:00","UNCODE":"CAMIS","Client":"RSRAM","IsNew":true},{"ID":"100020","Origin":"Brampton, ON","Destination":"Brampton, ON","BOL":"ANTONIO","PO":"500281939","TraceCd":"","Freight":"ENROUTE","Finance":"Un Rated","Status":"LCL","Customer":"Panalpina Inc.- Air Export","Shipper":"GSK","Consignee":"GTA WORLD CARGO","Note":"REEFER TEMP 2-25C\r\nCUTOFF: MAY 17 @16:00HRS","ContainerNumber":"","OriginZone":"AIR","DestinationZone":"EXPORT","Date":"5/16/17","Time":"14:20:00","UNCODE":"CAMIS","Client":"RSRAM","IsNew":true}]},{"id":"d772aa70-4788-11e7-b44c-71118cb775d5","receiveTime":"2017-06-02 05:14:31 pm","created":"1496403871","client":"RSRAM","fileName":"PALCL.xls","logFile":"C:\\Projects\\EDIXML Files\\dailyarchive\\PALCL_201706020514.xls","records":[{"ID":"181559","Origin":"Brampton, ON","Destination":"Brampton, ON","BOL":"ANTONIO","PO":"400281939","TraceCd":"","Freight":"ENROUTE","Finance":"Un Rated","Status":"LCL","Customer":"Panalpina Inc.- Air Export","Shipper":"GSK","Consignee":"GTA WORLD CARGO","Note":"REEFER TEMP 2-25C\r\nCUTOFF: MAY 17 @16:00HRS","ContainerNumber":"","OriginZone":"AIR","DestinationZone":"EXPORT","Date":"5/16/17","Time":"14:20:00","UNCODE":"CAMIS","Client":"RSRAM","IsNew":false},{"ID":"100019","Origin":"Brampton, ON","Destination":"Brampton, ON","BOL":"ANTONIO","PO":"400281939","TraceCd":"","Freight":"ENROUTE","Finance":"Un Rated","Status":"LCL","Customer":"Panalpina Inc.- Air Export","Shipper":"GSK","Consignee":"GTA WORLD CARGO","Note":"REEFER TEMP 2-25C\r\nCUTOFF: MAY 17 @16:00HRS","ContainerNumber":"","OriginZone":"AIR","DestinationZone":"EXPORT","Date":"5/16/17","Time":"14:20:00","UNCODE":"CAMIS","Client":"RSRAM","IsNew":true},{"ID":"100020","Origin":"Brampton, ON","Destination":"Brampton, ON","BOL":"ANTONIO","PO":"500281939","TraceCd":"","Freight":"ENROUTE","Finance":"Un Rated","Status":"LCL","Customer":"Panalpina Inc.- Air Export","Shipper":"GSK","Consignee":"GTA WORLD CARGO","Note":"REEFER TEMP 2-25C\r\nCUTOFF: MAY 17 @16:00HRS","ContainerNumber":"","OriginZone":"AIR","DestinationZone":"EXPORT","Date":"5/16/17","Time":"14:20:00","UNCODE":"CAMIS","Client":"RSRAM","IsNew":true}]},