[{
    "id": "1",
    "serviceType": "1",
    "clientName": "RSRAM",
    "serverName": "my.infoquestfg.com",
    "endPoint": "PanalpinaDest",
    "userName": "rs-rush",
    "password": "Test1234",
    "interval": 2,
    "status": "Active",
    "sourceFile": "C:\\Projects\\EDIXML Files",
    "dailyLog": "C:\\Projects\\EDIXML Files\\dailyarchive",
    "xmlFile": "C:\\Projects\\EDIXML Files\\xmlarchive",
    "compareFile": "Yes",
    "dailyArchive": 10,
    "xmlHistory": 10,
    "fullFileName": "PAFCL.xls",
    "halfFileName": "PALCL.xls",
    "sendEmail": "1",
    "userEmail": "amrik@rudrainnovatives.com,navneel@rudrainnovatives.com",
    "clientEmail": "ashwani@smallarc.com",
    "combineXML": "No",
    "combinefullFile": "aaaa",
    "combinehalfFile": "bbbb"
}]