{"id":"7586e8c0-4469-11e7-b200-e58adcce17fb","receiveTime":"05/29/2017 05:52 pm","client":"RSRAM","fileName":"400281939_201705290552.xml","logFile":"C:\\Projects\\EDIXML Files\\xmlarchive\\400281939_201705290552.xml","settingid":"1","batchid":1496060539179,"records":[{"messagesdr":"RSRAM","shipnum":"400281939","statuscd":"01-34--00-at-10","statusdt":"5/16/17 14:20:00","stsloccd":"CABRP","ufileid":"","contno":"","IsNew":true},{"messagesdr":"RSRAM","shipnum":"400281939","statuscd":"01-34--00-at-10","statusdt":"5/16/17 14:20:00","stsloccd":"CABRP","ufileid":"","contno":"","IsNew":true},{"messagesdr":"RSRAM","shipnum":"400281939","statuscd":"01-34--00-at-10","statusdt":"5/16/17 14:20:00","stsloccd":"CABRP","ufileid":"","contno":"","IsNew":true},{"messagesdr":"RSRAM","shipnum":"400281939","statuscd":"01-34--00-at-10","statusdt":"5/16/17 14:20:00","stsloccd":"CABRP","ufileid":"","contno":"","IsNew":true},{"messagesdr":"RSRAM","shipnum":"400281939","statuscd":"01-34--00-at-10","statusdt":"5/16/17 14:20:00","stsloccd":"CABRP","ufileid":"","contno":"","IsNew":true},{"messagesdr":"RSRAM","shipnum":"400281939","statuscd":"01-34--00-at-10","statusdt":"5/16/17 14:20:00","stsloccd":"CABRP","ufileid":"","contno":"","IsNew":true}]},