{"id":"a02be130-452b-11e7-874d-5fdc1fb7a4bb","receiveTime":"2017-05-30 05:02:13 pm","created":"1496144653","client":"RSRAM","fileName":"400281939_201705300502.xml","logFile":"C:\\Projects\\EDIXML Files\\xmlarchive\\400281939_201705300502.xml","settingid":"1","batchid":1496143929685,"records":[{"messagesdr":"RSRAM","shipnum":"400281939","statuscd":"01-34--00-at-10","statusdt":"5/16/17 14:20:00","stsloccd":"CABRP","ufileid":"","contno":"","IsNew":false},{"messagesdr":"RSRAM","shipnum":"400281939","statuscd":"01-34--00-at-10","statusdt":"5/16/17 14:20:00","stsloccd":"CABRP","ufileid":"","contno":"","IsNew":false},{"messagesdr":"RSRAM","shipnum":"400281939","statuscd":"01-34--00-at-10","statusdt":"5/16/17 14:20:00","stsloccd":"CABRP","ufileid":"","contno":"","IsNew":true},{"messagesdr":"RSRAM","shipnum":"400281939","statuscd":"01-34--00-at-10","statusdt":"5/16/17 14:20:00","stsloccd":"CABRP","ufileid":"","contno":"","IsNew":true},{"messagesdr":"RSRAM","shipnum":"400281939","statuscd":"01-34--00-at-10","statusdt":"5/16/17 14:20:00","stsloccd":"CABRP","ufileid":"","contno":"","IsNew":true},{"messagesdr":"RSRAM","shipnum":"400281939","statuscd":"01-34--00-at-10","statusdt":"5/16/17 14:20:00","stsloccd":"CABRP","ufileid":"","contno":"","IsNew":true}]},{"id":"a02be130-452b-11e7-874d-5fdc1fb7a4bb","receiveTime":"2017-05-30 05:02:13 pm","created":"1496144653","client":"RSRAM","fileName":"400281939_201705300502.xml","logFile":"C:\\Projects\\EDIXML Files\\xmlarchive\\400281939_201705300502.xml","settingid":"1","batchid":1496143929685,"records":[{"messagesdr":"RSRAM","shipnum":"400281939","statuscd":"01-34--00-at-10","statusdt":"5/16/17 14:20:00","stsloccd":"CABRP","ufileid":"","contno":"","IsNew":true},{"messagesdr":"RSRAM","shipnum":"400281939","statuscd":"01-34--00-at-10","statusdt":"5/16/17 14:20:00","stsloccd":"CABRP","ufileid":"","contno":"","IsNew":true},{"messagesdr":"RSRAM","shipnum":"400281939","statuscd":"01-34--00-at-10","statusdt":"5/16/17 14:20:00","stsloccd":"CABRP","ufileid":"","contno":"","IsNew":true},{"messagesdr":"RSRAM","shipnum":"400281939","statuscd":"01-34--00-at-10","statusdt":"5/16/17 14:20:00","stsloccd":"CABRP","ufileid":"","contno":"","IsNew":true},{"messagesdr":"RSRAM","shipnum":"400281939","statuscd":"01-34--00-at-10","statusdt":"5/16/17 14:20:00","stsloccd":"CABRP","ufileid":"","contno":"","IsNew":true},{"messagesdr":"RSRAM","shipnum":"400281939","statuscd":"01-34--00-at-10","statusdt":"5/16/17 14:20:00","stsloccd":"CABRP","ufileid":"","contno":"","IsNew":true}]},{"id":"a02be130-452b-11e7-874d-5fdc1fb7a4bb","receiveTime":"2017-05-30 05:02:13 pm","created":"1496144653","client":"RSRAM","fileName":"400281939_201705300502.xml","logFile":"C:\\Projects\\EDIXML Files\\xmlarchive\\400281939_201705300502.xml","settingid":"1","batchid":1496143929685,"records":[{"messagesdr":"RSRAM","shipnum":"400281939","statuscd":"01-34--00-at-10","statusdt":"5/16/17 14:20:00","stsloccd":"CABRP","ufileid":"","contno":"","IsNew":true},{"messagesdr":"RSRAM","shipnum":"400281939","statuscd":"01-34--00-at-10","statusdt":"5/16/17 14:20:00","stsloccd":"CABRP","ufileid":"","contno":"","IsNew":true},{"messagesdr":"RSRAM","shipnum":"400281939","statuscd":"01-34--00-at-10","statusdt":"5/16/17 14:20:00","stsloccd":"CABRP","ufileid":"","contno":"","IsNew":true},{"messagesdr":"RSRAM","shipnum":"400281939","statuscd":"01-34--00-at-10","statusdt":"5/16/17 14:20:00","stsloccd":"CABRP","ufileid":"","contno":"","IsNew":true},{"messagesdr":"RSRAM","shipnum":"400281939","statuscd":"01-34--00-at-10","statusdt":"5/16/17 14:20:00","stsloccd":"CABRP","ufileid":"","contno":"","IsNew":true},{"messagesdr":"RSRAM","shipnum":"400281939","statuscd":"01-34--00-at-10","statusdt":"5/16/17 14:20:00","stsloccd":"CABRP","ufileid":"","contno":"","IsNew":true}]},{"id":"34f699f0-46de-11e7-b9bd-fd47e078be82","receiveTime":"2017-06-01 08:53:04 pm","created":"1496330584","client":"RSRAM","fileName":"400281939_201706010852.xml","logFile":"C:\\Projects\\EDIXML Files\\xmlarchive\\400281939_201706010852.xml","settingid":"1","batchid":1496330579671,"records":[{"messagesdr":"rarush","shipnum":"400281939","statuscd":"01-34--00-at-10","statusdt":"5/16/17 14:20:00","stsloccd":"CABRP","ufileid":"","contno":"","IsNew":true},{"messagesdr":"rarush","shipnum":"400281939","statuscd":"01-34--00-at-10","statusdt":"5/16/17 14:20:00","stsloccd":"CABRP","ufileid":"","contno":"","IsNew":true},{"messagesdr":"rarush","shipnum":"400281939","statuscd":"01-34--00-at-10","statusdt":"5/16/17 14:20:00","stsloccd":"CABRP","ufileid":"","contno":"","IsNew":true},{"messagesdr":"rarush","shipnum":"400281939","statuscd":"01-34--00-at-10","statusdt":"5/16/17 14:20:00","stsloccd":"CABRP","ufileid":"","contno":"","IsNew":true},{"messagesdr":"rarush","shipnum":"400281939","statuscd":"01-39--00-at-16","statusdt":"5/16/17 14:20:00","stsloccd":"CABRP","ufileid":"","contno":"","IsNew":true},{"messagesdr":"rarush","shipnum":"400281939","statuscd":"01-39--00-at-16","statusdt":"5/16/17 14:20:00","stsloccd":"CABRP","ufileid":"","contno":"","IsNew":true}]},{"id":"f7385e40-46de-11e7-a92b-8d28ea0c3428","receiveTime":"2017-06-01 08:58:30 pm","created":"1496330910","client":"RSRAM","fileName":"400281939_201706010858.xml","logFile":"C:\\Projects\\EDIXML Files\\xmlarchive\\400281939_201706010858.xml","settingid":"1","batchid":1496330905063,"records":[{"messagesdr":"rarush","shipnum":"400281939","statuscd":"01-34--00-at-10","statusdt":"5/16/17 14:20:00","stsloccd":"CABRP","ufileid":"","contno":"","IsNew":true},{"messagesdr":"rarush","shipnum":"400281939","statuscd":"01-34--00-at-10","statusdt":"5/16/17 14:20:00","stsloccd":"CABRP","ufileid":"","contno":"","IsNew":true},{"messagesdr":"rarush","shipnum":"400281939","statuscd":"01-39--00-at-16","statusdt":"5/16/17 14:20:00","stsloccd":"CABRP","ufileid":"","contno":"","IsNew":true},{"messagesdr":"rarush","shipnum":"400281939","statuscd":"01-39--00-at-16","statusdt":"5/16/17 14:20:00","stsloccd":"CABRP","ufileid":"","contno":"","IsNew":true},{"messagesdr":"rarush","shipnum":"400281939","statuscd":"01-34--00-at-10","statusdt":"5/16/17 14:20:00","stsloccd":"CABRP","ufileid":"","contno":"","IsNew":true},{"messagesdr":"rarush","shipnum":"400281939","statuscd":"01-34--00-at-10","statusdt":"5/16/17 14:20:00","stsloccd":"CABRP","ufileid":"","contno":"","IsNew":true}]},{"id":"1d7af6f0-46f1-11e7-a3cf-4d6169680aa5","receiveTime":"2017-06-01 11:08:25 pm","created":"1496338705","client":"RSRAM","fileName":"400281939_201706011108.xml","logFile":"C:\\Projects\\EDIXML Files\\xmlarchive\\400281939_201706011108.xml","settingid":"1","batchid":1496338701136,"records":[{"messagesdr":"rarush","shipnum":"400281939","statuscd":"01-34--00-at-10","statusdt":"5/16/17 14:20:00","stsloccd":"CABRP","ufileid":"","contno":"","IsNew":true}]},{"id":"b1152800-477c-11e7-b317-efc909d9fc00","receiveTime":"2017-06-02 03:47:33 pm","created":"1496398653","client":"RSRAM","fileName":"400281939_201706020347.xml","logFile":"C:\\Projects\\EDIXML Files\\xmlarchive\\400281939_201706020347.xml","settingid":"1","batchid":1496398649413,"records":[{"messagesdr":"rarush","shipnum":"400281939","statuscd":"01-34--00-at-10","statusdt":"5/16/17 14:20:00","stsloccd":"CABRP","ufileid":"","contno":"","IsNew":true}]},{"id":"1c171b90-477d-11e7-b317-efc909d9fc00","receiveTime":"2017-06-02 03:50:32 pm","created":"1496398832","client":"RSRAM","fileName":"400281939_201706020350.xml","logFile":"C:\\Projects\\EDIXML Files\\xmlarchive\\400281939_201706020350.xml","settingid":"1","batchid":1496398829351,"records":[{"messagesdr":"rarush","shipnum":"400281939","statuscd":"01-34--00-at-10","statusdt":"5/16/17 14:20:00","stsloccd":"CABRP","ufileid":"","contno":"","IsNew":true}]},{"id":"3e5177a0-477d-11e7-bd6b-3faa9cb0edfe","receiveTime":"2017-06-02 03:51:30 pm","created":"1496398890","client":"RSRAM","fileName":"400281939_201706020351.xml","logFile":"C:\\Projects\\EDIXML Files\\xmlarchive\\400281939_201706020351.xml","settingid":"1","batchid":1496398886777,"records":[{"messagesdr":"rarush","shipnum":"400281939","statuscd":"01-34--00-at-10","statusdt":"5/16/17 14:20:00","stsloccd":"CABRP","ufileid":"","contno":"","IsNew":true}]},{"id":"ca264800-477d-11e7-966d-db36d0a0bbe0","receiveTime":"2017-06-02 03:55:24 pm","created":"1496399124","client":"RSRAM","fileName":"400281939_201706020355.xml","logFile":"C:\\Projects\\EDIXML Files\\xmlarchive\\400281939_201706020355.xml","settingid":"1","batchid":1496399121255,"records":[{"messagesdr":"rarush","shipnum":"400281939","statuscd":"01-34--00-at-10","statusdt":"5/16/17 14:20:00","stsloccd":"CABRP","ufileid":"","contno":"","IsNew":true}]},{"id":"0bf05280-477e-11e7-95fc-9ffa968b88e8","receiveTime":"2017-06-02 03:57:14 pm","created":"1496399234","client":"RSRAM","fileName":"400281939_201706020357.xml","logFile":"C:\\Projects\\EDIXML Files\\xmlarchive\\400281939_201706020357.xml","settingid":"1","batchid":1496399231666,"records":[{"messagesdr":"rarush","shipnum":"400281939","statuscd":"01-34--00-at-10","statusdt":"2017-05-16 14:20:00","stsloccd":"CABRP","ufileid":"","contno":"","IsNew":true}]},{"id":"9910c6a0-4787-11e7-9ef2-b179e12752c1","receiveTime":"2017-06-02 05:05:37 pm","created":"1496403337","client":"RSRAM","fileName":"500281939_201706020505.xml","logFile":"C:\\Projects\\EDIXML Files\\xmlarchive\\500281939_201706020505.xml","settingid":"1","batchid":1496403333991,"records":[{"messagesdr":"rsrush","shipnum":"400281939","statuscd":"01-34--00-at-10","statusdt":"2017-05-16 14:20:00","stsloccd":"CABRP","ufileid":"","contno":"","IsNew":true}]},{"id":"9917f290-4787-11e7-9ef2-b179e12752c1","receiveTime":"2017-06-02 05:05:37 pm","created":"1496403337","client":"RSRAM","fileName":"400281939_201706020505.xml","logFile":"C:\\Projects\\EDIXML Files\\xmlarchive\\400281939_201706020505.xml","settingid":"1","batchid":1496403333991,"records":[{"messagesdr":"rsrush","shipnum":"400281939","statuscd":"01-34--00-at-10","statusdt":"2017-05-16 14:20:00","stsloccd":"CABRP","ufileid":"","contno":"","IsNew":true}]},{"id":"667fdef0-4788-11e7-9e25-b97b06fffe07","receiveTime":"2017-06-02 05:11:21 pm","created":"1496403681","client":"RSRAM","fileName":"400281939_201706020511.xml","logFile":"C:\\Projects\\EDIXML Files\\xmlarchive\\400281939_201706020511.xml","settingid":"1","batchid":1496403678535,"records":[{"messagesdr":"rsrush","shipnum":"500281939","statuscd":"01-34--00-at-10","statusdt":"2017-05-16 14:20:00","stsloccd":"CABRP","ufileid":"","contno":"","IsNew":true}]},{"id":"667fdef2-4788-11e7-9e25-b97b06fffe07","receiveTime":"2017-06-02 05:11:21 pm","created":"1496403681","client":"RSRAM","fileName":"500281939_201706020511.xml","logFile":"C:\\Projects\\EDIXML Files\\xmlarchive\\500281939_201706020511.xml","settingid":"1","batchid":1496403678535,"records":[{"messagesdr":"rsrush","shipnum":"500281939","statuscd":"01-34--00-at-10","statusdt":"2017-05-16 14:20:00","stsloccd":"CABRP","ufileid":"","contno":"","IsNew":true}]},{"id":"a0b1ca20-4788-11e7-b0c6-f348375e8a0f","receiveTime":"2017-06-02 05:12:59 pm","created":"1496403779","client":"RSRAM","fileName":"400281939_201706020512.xml","logFile":"C:\\Projects\\EDIXML Files\\xmlarchive\\400281939_201706020512.xml","settingid":"1","batchid":1496403776057,"records":[{"messagesdr":"rsrush","shipnum":"400281939","statuscd":"01-34--00-at-10","statusdt":"2017-05-16 14:20:00","stsloccd":"CABRP","ufileid":"","contno":"","IsNew":true}]},{"id":"a10b0db1-4788-11e7-b0c6-f348375e8a0f","receiveTime":"2017-06-02 05:13:00 pm","created":"1496403780","client":"RSRAM","fileName":"500281939_201706020512.xml","logFile":"C:\\Projects\\EDIXML Files\\xmlarchive\\500281939_201706020512.xml","settingid":"1","batchid":1496403776057,"records":[{"messagesdr":"rsrush","shipnum":"400281939","statuscd":"01-34--00-at-10","statusdt":"2017-05-16 14:20:00","stsloccd":"CABRP","ufileid":"","contno":"","IsNew":true}]},{"id":"d7703971-4788-11e7-b44c-71118cb775d5","receiveTime":"2017-06-02 05:14:31 pm","created":"1496403871","client":"RSRAM","fileName":"500281939_201706020514.xml","logFile":"C:\\Projects\\EDIXML Files\\xmlarchive\\500281939_201706020514.xml","settingid":"1","batchid":1496403868098,"records":[{"messagesdr":"rsrush","shipnum":"500281939","statuscd":"01-34--00-at-10","statusdt":"2017-05-16 14:20:00","stsloccd":"CABRP","ufileid":"","contno":"","IsNew":true}]},{"id":"d772aa71-4788-11e7-b44c-71118cb775d5","receiveTime":"2017-06-02 05:14:31 pm","created":"1496403871","client":"RSRAM","fileName":"400281939_201706020514.xml","logFile":"C:\\Projects\\EDIXML Files\\xmlarchive\\400281939_201706020514.xml","settingid":"1","batchid":1496403868098,"records":[{"messagesdr":"rsrush","shipnum":"500281939","statuscd":"01-34--00-at-10","statusdt":"2017-05-16 14:20:00","stsloccd":"CABRP","ufileid":"","contno":"","IsNew":true}]},